run_dir,seed,dissolution_rate,reseed_rate,successful_exit,invariant_failures,conserved,max_conservation_residual,minimum_tapes,late_mean_occupied_fraction,longest_clogged_ticks,late_active_interaction_fraction,late_successful_writes,dissolutions,placements,late_pool_changes,mechanically_feasible,final_snapshot_tick,final_tapes,final_unique_hashes,neighbor_identity_excess,neighbor_identity_p,q1_beta,q1_beta_null_mean,q1_beta_excess,q1_beta_p
sweeps/phase2_liveness_pilot/runs/20260826T021840.269497Z_80fdcd4a0c27_202608250,202608250,1e-06,1e-05,True,0,True,0,51,0.828125,0,1.0,22733,0,2,484,False,4900,53,53,0.0,1.0,15.519337016574566,15.519337016574564,1.7763568394002505e-15,1.0
sweeps/phase2_liveness_pilot/runs/20260826T021840.269497Z_652f294dfd1f_202608251,202608251,1e-06,1e-05,True,0,True,0,51,0.8125,0,1.0,23816,0,1,498,False,4900,52,52,0.0,1.0,15.363636363636378,15.363636363636381,-3.552713678800501e-15,1.0
sweeps/phase2_liveness_pilot/runs/20260826T021840.269573Z_edbc18cb2bf2_202608252,202608252,1e-06,1e-05,True,0,True,0,51,0.8125,0,1.0,362578,0,1,496,False,4900,52,52,0.0,1.0,14.382978723404268,14.382978723404266,1.7763568394002505e-15,1.0
sweeps/phase2_liveness_pilot/runs/20260826T021917.669666Z_788a55907cb9_202608250,202608250,1e-06,0.0001,True,0,True,0,51,0.875,0,1.0,135704,1,6,497,True,4900,56,56,0.0,1.0,15.524752475247537,15.524752475247539,-1.7763568394002505e-15,1.0
sweeps/phase2_liveness_pilot/runs/20260826T021917.669665Z_fdf2c52093ab_202608251,202608251,1e-06,0.0001,True,0,True,0,51,0.90934375,0,1.0,191444,0,8,493,False,4900,58,58,0.0,1.0,15.574074074074069,15.574074074074074,-5.329070518200751e-15,1.0
sweeps/phase2_liveness_pilot/runs/20260826T021917.669666Z_26b61157ae48_202608252,202608252,1e-06,0.0001,True,0,True,0,51,0.890625,0,1.0,47652,0,6,486,False,4900,57,57,0.0,1.0,15.398104265402848,15.398104265402852,-3.552713678800501e-15,1.0
sweeps/phase2_liveness_pilot/runs/20260826T021949.688471Z_6043cdbc89cf_202608250,202608250,1e-06,0.001,True,0,True,0,51,1.0,820,1.0,18591,0,13,499,False,4900,64,64,0.0,1.0,15.999999999999995,15.999999999999998,-3.552713678800501e-15,1.0
sweeps/phase2_liveness_pilot/runs/20260826T021949.688479Z_976762ea453a_202608251,202608251,1e-06,0.001,True,0,True,0,51,1.0,1237,1.0,63760,0,13,498,False,4900,64,64,0.0,1.0,15.999999999999995,15.999999999999998,-3.552713678800501e-15,1.0
sweeps/phase2_liveness_pilot/runs/20260826T021949.688468Z_3d72bae12d1a_202608252,202608252,1e-06,0.001,True,0,True,0,51,1.0,1784,1.0,31652,0,13,499,False,4900,64,64,0.0,1.0,15.999999999999995,15.999999999999998,-3.552713678800501e-15,1.0
sweeps/phase2_liveness_pilot/runs/20260826T022026.257180Z_bd87dba8f8c5_202608250,202608250,1e-05,1e-05,True,0,True,0,50,0.803875,0,1.0,142201,2,2,499,True,4900,51,51,0.0,1.0,15.03468208092485,15.034682080924846,3.552713678800501e-15,1.0
sweeps/phase2_liveness_pilot/runs/20260826T022026.257177Z_c65621bb7b4e_202608251,202608251,1e-05,1e-05,True,0,True,0,51,0.796875,0,1.0,55937,1,1,498,True,4900,51,51,0.0,1.0,15.390532544378695,15.39053254437869,5.329070518200751e-15,1.0
sweeps/phase2_liveness_pilot/runs/20260826T022026.258091Z_800ed9336700_202608252,202608252,1e-05,1e-05,True,0,True,0,49,0.765625,0,1.0,114323,3,1,498,True,4900,49,49,0.0,1.0,14.377245508982035,14.377245508982039,-3.552713678800501e-15,1.0
sweeps/phase2_liveness_pilot/runs/20260826T022059.441659Z_10edd665f2a3_202608250,202608250,1e-05,0.0001,True,0,True,0,51,0.867125,0,1.0,33496,4,8,499,True,4900,56,56,0.0,1.0,15.524752475247537,15.524752475247539,-1.7763568394002505e-15,1.0
sweeps/phase2_liveness_pilot/runs/20260826T022059.441653Z_6bb6e2bd9eac_202608251,202608251,1e-05,0.0001,True,0,True,0,51,0.83965625,0,1.0,83076,5,8,487,True,4900,53,53,0.0,1.0,14.862433862433845,14.862433862433845,0.0,1.0
sweeps/phase2_liveness_pilot/runs/20260826T022059.441653Z_b472ec96efe9_202608252,202608252,1e-05,0.0001,True,0,True,0,50,0.84375,0,1.0,139420,3,6,486,True,4900,54,54,0.0,1.0,15.18750000000001,15.187500000000009,1.7763568394002505e-15,1.0
sweeps/phase2_liveness_pilot/runs/20260826T022134.264962Z_e3b42c527f1a_202608250,202608250,1e-05,0.001,True,0,True,0,51,0.98296875,0,1.0,23388,6,18,498,True,4900,63,63,0.0,1.0,15.939759036144592,15.939759036144588,3.552713678800501e-15,1.0
sweeps/phase2_liveness_pilot/runs/20260826T022134.264972Z_afa1f7f7d0bf_202608251,202608251,1e-05,0.001,True,0,True,0,51,0.97175,0,1.0,22642,5,16,499,True,4900,62,62,0.0,1.0,15.884297520661148,15.884297520661148,0.0,1.0
sweeps/phase2_liveness_pilot/runs/20260826T022134.264980Z_5117dec2f64f_202608252,202608252,1e-05,0.001,True,0,True,0,50,0.985875,1573,1.0,66320,5,17,499,False,4900,63,63,0.0,1.0,15.939759036144592,15.939759036144588,3.552713678800501e-15,1.0
sweeps/phase2_liveness_pilot/runs/20260826T022209.069475Z_a0c695dd93c0_202608250,202608250,0.0001,1e-05,True,0,True,0,41,0.64771875,0,1.0,476452,12,3,498,True,4900,41,41,0.0,1.0,14.367521367521373,14.367521367521375,-1.7763568394002505e-15,1.0
sweeps/phase2_liveness_pilot/runs/20260826T022209.069464Z_255621d7cfc3_202608251,202608251,0.0001,1e-05,True,0,True,0,35,0.5540625,0,1.0,32442,17,2,496,True,4900,36,36,0.0,1.0,13.787234042553196,13.787234042553193,3.552713678800501e-15,1.0
sweeps/phase2_liveness_pilot/runs/20260826T022209.069468Z_fe0f284d1b55_202608252,202608252,0.0001,1e-05,True,0,True,0,31,0.50165625,0,1.0,21028,21,1,496,True,4900,32,32,0.0,1.0,13.473684210526315,13.473684210526313,1.7763568394002505e-15,1.0
sweeps/phase2_liveness_pilot/runs/20260826T022234.651211Z_4820e4ae51c9_202608250,202608250,0.0001,0.0001,True,0,True,0,37,0.6063125,0,1.0,32936,22,8,496,True,4900,38,38,0.0,1.0,13.884615384615387,13.88461538461539,-3.552713678800501e-15,1.0
sweeps/phase2_liveness_pilot/runs/20260826T022234.651211Z_ee9d0be87ec5_202608251,202608251,0.0001,0.0001,True,0,True,0,37,0.6091875,0,1.0,8185,30,18,441,True,4900,39,39,0.0,1.0,14.214953271028008,14.214953271028007,1.7763568394002505e-15,1.0
sweeps/phase2_liveness_pilot/runs/20260826T022234.651215Z_415570e9e91c_202608252,202608252,0.0001,0.0001,True,0,True,0,35,0.5574375,0,1.0,9652,23,7,422,True,4900,35,35,0.0,1.0,14.080459770114942,14.08045977011494,1.7763568394002505e-15,1.0
sweeps/phase2_liveness_pilot/runs/20260826T022305.528964Z_37a77d89c5d2_202608250,202608250,0.0001,0.001,True,0,True,0,51,0.9013125,0,1.0,36504,20,27,499,True,4900,58,58,0.0,1.0,15.719626168224297,15.719626168224297,0.0,1.0
sweeps/phase2_liveness_pilot/runs/20260826T022305.528964Z_0273b5bef408_202608251,202608251,0.0001,0.001,True,0,True,0,51,0.938875,0,1.0,27549,23,31,499,True,4900,61,61,0.0,1.0,15.83404255319148,15.834042553191475,5.329070518200751e-15,1.0
sweeps/phase2_liveness_pilot/runs/20260826T022305.528969Z_9490f7a61377_202608252,202608252,0.0001,0.001,True,0,True,0,50,0.83315625,0,1.0,171178,33,36,498,True,4900,53,53,0.0,1.0,15.349726775956267,15.349726775956267,0.0,1.0
