run_dir,seed,radius,distance,mean_js_similarity
sweeps/phase2_functional_distance/runs/20260906T062437.115932Z_c41e5385a177_202609080,202609080,1,1,0.9397628018195116
sweeps/phase2_functional_distance/runs/20260906T062437.115932Z_c41e5385a177_202609080,202609080,1,2,0.9357311238844714
sweeps/phase2_functional_distance/runs/20260906T062437.115932Z_c41e5385a177_202609080,202609080,1,3,0.9333062191903582
sweeps/phase2_functional_distance/runs/20260906T062437.115932Z_c41e5385a177_202609080,202609080,1,4,0.9325632982346073
sweeps/phase2_functional_distance/runs/20260906T062437.115932Z_c41e5385a177_202609080,202609080,1,5,0.9322219143243894
sweeps/phase2_functional_distance/runs/20260906T062437.115932Z_c41e5385a177_202609080,202609080,1,6,0.9329440693649959
sweeps/phase2_functional_distance/runs/20260906T062437.115932Z_c41e5385a177_202609080,202609080,1,7,0.9323751497908223
sweeps/phase2_functional_distance/runs/20260906T062437.115932Z_c41e5385a177_202609080,202609080,1,8,0.9320643070175899
sweeps/phase2_functional_distance/runs/20260906T062437.115932Z_c41e5385a177_202609080,202609080,1,9,0.932586745117922
sweeps/phase2_functional_distance/runs/20260906T062437.115932Z_c41e5385a177_202609080,202609080,1,10,0.9320840275363049
sweeps/phase2_functional_distance/runs/20260906T062437.115932Z_c41e5385a177_202609080,202609080,1,11,0.9321990475197629
sweeps/phase2_functional_distance/runs/20260906T062437.115932Z_c41e5385a177_202609080,202609080,1,12,0.9327770446926624
sweeps/phase2_functional_distance/runs/20260906T062437.115932Z_c41e5385a177_202609080,202609080,1,13,0.9328872003563894
sweeps/phase2_functional_distance/runs/20260906T062437.115932Z_c41e5385a177_202609080,202609080,1,14,0.9327076276954869
sweeps/phase2_functional_distance/runs/20260906T062437.115932Z_c41e5385a177_202609080,202609080,1,15,0.9323249130991177
sweeps/phase2_functional_distance/runs/20260906T062437.115932Z_c41e5385a177_202609080,202609080,1,16,0.932474700217433
sweeps/phase2_functional_distance/runs/20260906T062437.118697Z_15d3bcf63448_202609081,202609081,1,1,0.9449524877417131
sweeps/phase2_functional_distance/runs/20260906T062437.118697Z_15d3bcf63448_202609081,202609081,1,2,0.9417633188983696
sweeps/phase2_functional_distance/runs/20260906T062437.118697Z_15d3bcf63448_202609081,202609081,1,3,0.9393635595760059
sweeps/phase2_functional_distance/runs/20260906T062437.118697Z_15d3bcf63448_202609081,202609081,1,4,0.9390907123513502
sweeps/phase2_functional_distance/runs/20260906T062437.118697Z_15d3bcf63448_202609081,202609081,1,5,0.9385442968107747
sweeps/phase2_functional_distance/runs/20260906T062437.118697Z_15d3bcf63448_202609081,202609081,1,6,0.9386456256297785
sweeps/phase2_functional_distance/runs/20260906T062437.118697Z_15d3bcf63448_202609081,202609081,1,7,0.9391531717348853
sweeps/phase2_functional_distance/runs/20260906T062437.118697Z_15d3bcf63448_202609081,202609081,1,8,0.9387559725044905
sweeps/phase2_functional_distance/runs/20260906T062437.118697Z_15d3bcf63448_202609081,202609081,1,9,0.9389991976965306
sweeps/phase2_functional_distance/runs/20260906T062437.118697Z_15d3bcf63448_202609081,202609081,1,10,0.938760003377381
sweeps/phase2_functional_distance/runs/20260906T062437.118697Z_15d3bcf63448_202609081,202609081,1,11,0.938874163588596
sweeps/phase2_functional_distance/runs/20260906T062437.118697Z_15d3bcf63448_202609081,202609081,1,12,0.9390683773932123
sweeps/phase2_functional_distance/runs/20260906T062437.118697Z_15d3bcf63448_202609081,202609081,1,13,0.9391378214143146
sweeps/phase2_functional_distance/runs/20260906T062437.118697Z_15d3bcf63448_202609081,202609081,1,14,0.9388525924175611
sweeps/phase2_functional_distance/runs/20260906T062437.118697Z_15d3bcf63448_202609081,202609081,1,15,0.9389736649159836
sweeps/phase2_functional_distance/runs/20260906T062437.118697Z_15d3bcf63448_202609081,202609081,1,16,0.9389323793326736
sweeps/phase2_functional_distance/runs/20260906T062437.121090Z_62ce7655d2c8_202609082,202609082,1,1,0.9452333462144018
sweeps/phase2_functional_distance/runs/20260906T062437.121090Z_62ce7655d2c8_202609082,202609082,1,2,0.9415339197146306
sweeps/phase2_functional_distance/runs/20260906T062437.121090Z_62ce7655d2c8_202609082,202609082,1,3,0.939929830371451
sweeps/phase2_functional_distance/runs/20260906T062437.121090Z_62ce7655d2c8_202609082,202609082,1,4,0.9399086848758874
sweeps/phase2_functional_distance/runs/20260906T062437.121090Z_62ce7655d2c8_202609082,202609082,1,5,0.939924264324597
sweeps/phase2_functional_distance/runs/20260906T062437.121090Z_62ce7655d2c8_202609082,202609082,1,6,0.9394703515309154
sweeps/phase2_functional_distance/runs/20260906T062437.121090Z_62ce7655d2c8_202609082,202609082,1,7,0.9389573834612241
sweeps/phase2_functional_distance/runs/20260906T062437.121090Z_62ce7655d2c8_202609082,202609082,1,8,0.9386209340414817
sweeps/phase2_functional_distance/runs/20260906T062437.121090Z_62ce7655d2c8_202609082,202609082,1,9,0.9391785209098864
sweeps/phase2_functional_distance/runs/20260906T062437.121090Z_62ce7655d2c8_202609082,202609082,1,10,0.9388154000738893
sweeps/phase2_functional_distance/runs/20260906T062437.121090Z_62ce7655d2c8_202609082,202609082,1,11,0.9389383414567329
sweeps/phase2_functional_distance/runs/20260906T062437.121090Z_62ce7655d2c8_202609082,202609082,1,12,0.9389334221324097
sweeps/phase2_functional_distance/runs/20260906T062437.121090Z_62ce7655d2c8_202609082,202609082,1,13,0.9388164777589
sweeps/phase2_functional_distance/runs/20260906T062437.121090Z_62ce7655d2c8_202609082,202609082,1,14,0.93921039353318
sweeps/phase2_functional_distance/runs/20260906T062437.121090Z_62ce7655d2c8_202609082,202609082,1,15,0.9392763150528581
sweeps/phase2_functional_distance/runs/20260906T062437.121090Z_62ce7655d2c8_202609082,202609082,1,16,0.9389105983797128
sweeps/phase2_functional_distance/runs/20260906T062437.122045Z_2a7be3b7cc60_202609083,202609083,1,1,0.9444412315835776
sweeps/phase2_functional_distance/runs/20260906T062437.122045Z_2a7be3b7cc60_202609083,202609083,1,2,0.9422734968537998
sweeps/phase2_functional_distance/runs/20260906T062437.122045Z_2a7be3b7cc60_202609083,202609083,1,3,0.941155573945564
sweeps/phase2_functional_distance/runs/20260906T062437.122045Z_2a7be3b7cc60_202609083,202609083,1,4,0.9403015735606771
sweeps/phase2_functional_distance/runs/20260906T062437.122045Z_2a7be3b7cc60_202609083,202609083,1,5,0.940932969729396
sweeps/phase2_functional_distance/runs/20260906T062437.122045Z_2a7be3b7cc60_202609083,202609083,1,6,0.9408483009252144
sweeps/phase2_functional_distance/runs/20260906T062437.122045Z_2a7be3b7cc60_202609083,202609083,1,7,0.9405638168100623
sweeps/phase2_functional_distance/runs/20260906T062437.122045Z_2a7be3b7cc60_202609083,202609083,1,8,0.9400218258664349
sweeps/phase2_functional_distance/runs/20260906T062437.122045Z_2a7be3b7cc60_202609083,202609083,1,9,0.9399560067044493
sweeps/phase2_functional_distance/runs/20260906T062437.122045Z_2a7be3b7cc60_202609083,202609083,1,10,0.9408847551145132
sweeps/phase2_functional_distance/runs/20260906T062437.122045Z_2a7be3b7cc60_202609083,202609083,1,11,0.9404897123868339
sweeps/phase2_functional_distance/runs/20260906T062437.122045Z_2a7be3b7cc60_202609083,202609083,1,12,0.9404485978392907
sweeps/phase2_functional_distance/runs/20260906T062437.122045Z_2a7be3b7cc60_202609083,202609083,1,13,0.9405481150803543
sweeps/phase2_functional_distance/runs/20260906T062437.122045Z_2a7be3b7cc60_202609083,202609083,1,14,0.9402380920534275
sweeps/phase2_functional_distance/runs/20260906T062437.122045Z_2a7be3b7cc60_202609083,202609083,1,15,0.9400980920480942
sweeps/phase2_functional_distance/runs/20260906T062437.122045Z_2a7be3b7cc60_202609083,202609083,1,16,0.9399325449171374
sweeps/phase2_functional_distance/runs/20260906T062437.123960Z_26cd6ae87405_202609084,202609084,1,1,0.9337517656519201
sweeps/phase2_functional_distance/runs/20260906T062437.123960Z_26cd6ae87405_202609084,202609084,1,2,0.9309832997366462
sweeps/phase2_functional_distance/runs/20260906T062437.123960Z_26cd6ae87405_202609084,202609084,1,3,0.9268623259088408
sweeps/phase2_functional_distance/runs/20260906T062437.123960Z_26cd6ae87405_202609084,202609084,1,4,0.9270120057820375
sweeps/phase2_functional_distance/runs/20260906T062437.123960Z_26cd6ae87405_202609084,202609084,1,5,0.9275495870124899
sweeps/phase2_functional_distance/runs/20260906T062437.123960Z_26cd6ae87405_202609084,202609084,1,6,0.9275371193728582
sweeps/phase2_functional_distance/runs/20260906T062437.123960Z_26cd6ae87405_202609084,202609084,1,7,0.9277407609711709
sweeps/phase2_functional_distance/runs/20260906T062437.123960Z_26cd6ae87405_202609084,202609084,1,8,0.9280986770100909
sweeps/phase2_functional_distance/runs/20260906T062437.123960Z_26cd6ae87405_202609084,202609084,1,9,0.9282912889136573
sweeps/phase2_functional_distance/runs/20260906T062437.123960Z_26cd6ae87405_202609084,202609084,1,10,0.9278395034791725
sweeps/phase2_functional_distance/runs/20260906T062437.123960Z_26cd6ae87405_202609084,202609084,1,11,0.9283402169885097
sweeps/phase2_functional_distance/runs/20260906T062437.123960Z_26cd6ae87405_202609084,202609084,1,12,0.9280960226646806
sweeps/phase2_functional_distance/runs/20260906T062437.123960Z_26cd6ae87405_202609084,202609084,1,13,0.9275127140857551
sweeps/phase2_functional_distance/runs/20260906T062437.123960Z_26cd6ae87405_202609084,202609084,1,14,0.9276712316006208
sweeps/phase2_functional_distance/runs/20260906T062437.123960Z_26cd6ae87405_202609084,202609084,1,15,0.9269954844806874
sweeps/phase2_functional_distance/runs/20260906T062437.123960Z_26cd6ae87405_202609084,202609084,1,16,0.9272518975777281
sweeps/phase2_functional_distance/runs/20260906T062437.124472Z_0f2e7a321f00_202609085,202609085,1,1,0.9393174522118676
sweeps/phase2_functional_distance/runs/20260906T062437.124472Z_0f2e7a321f00_202609085,202609085,1,2,0.9358489612215795
sweeps/phase2_functional_distance/runs/20260906T062437.124472Z_0f2e7a321f00_202609085,202609085,1,3,0.9340674707344878
sweeps/phase2_functional_distance/runs/20260906T062437.124472Z_0f2e7a321f00_202609085,202609085,1,4,0.9339743467969213
sweeps/phase2_functional_distance/runs/20260906T062437.124472Z_0f2e7a321f00_202609085,202609085,1,5,0.9338475038282966
sweeps/phase2_functional_distance/runs/20260906T062437.124472Z_0f2e7a321f00_202609085,202609085,1,6,0.9335259065780114
sweeps/phase2_functional_distance/runs/20260906T062437.124472Z_0f2e7a321f00_202609085,202609085,1,7,0.9332669397851056
sweeps/phase2_functional_distance/runs/20260906T062437.124472Z_0f2e7a321f00_202609085,202609085,1,8,0.9335943598100921
sweeps/phase2_functional_distance/runs/20260906T062437.124472Z_0f2e7a321f00_202609085,202609085,1,9,0.9340614417701643
sweeps/phase2_functional_distance/runs/20260906T062437.124472Z_0f2e7a321f00_202609085,202609085,1,10,0.9338727945565191
sweeps/phase2_functional_distance/runs/20260906T062437.124472Z_0f2e7a321f00_202609085,202609085,1,11,0.9338103766068704
sweeps/phase2_functional_distance/runs/20260906T062437.124472Z_0f2e7a321f00_202609085,202609085,1,12,0.9337455284804068
sweeps/phase2_functional_distance/runs/20260906T062437.124472Z_0f2e7a321f00_202609085,202609085,1,13,0.9338200112632259
sweeps/phase2_functional_distance/runs/20260906T062437.124472Z_0f2e7a321f00_202609085,202609085,1,14,0.9339173669935759
sweeps/phase2_functional_distance/runs/20260906T062437.124472Z_0f2e7a321f00_202609085,202609085,1,15,0.9340008199319201
sweeps/phase2_functional_distance/runs/20260906T062437.124472Z_0f2e7a321f00_202609085,202609085,1,16,0.9336434720889751
sweeps/phase2_functional_distance/runs/20260906T062437.125113Z_34b743661f1c_202609086,202609086,1,1,0.9395121894389844
sweeps/phase2_functional_distance/runs/20260906T062437.125113Z_34b743661f1c_202609086,202609086,1,2,0.9351754005624539
sweeps/phase2_functional_distance/runs/20260906T062437.125113Z_34b743661f1c_202609086,202609086,1,3,0.9334645881201779
sweeps/phase2_functional_distance/runs/20260906T062437.125113Z_34b743661f1c_202609086,202609086,1,4,0.9330492535201148
sweeps/phase2_functional_distance/runs/20260906T062437.125113Z_34b743661f1c_202609086,202609086,1,5,0.9337807501461011
sweeps/phase2_functional_distance/runs/20260906T062437.125113Z_34b743661f1c_202609086,202609086,1,6,0.9337214120456012
sweeps/phase2_functional_distance/runs/20260906T062437.125113Z_34b743661f1c_202609086,202609086,1,7,0.9336449818606763
sweeps/phase2_functional_distance/runs/20260906T062437.125113Z_34b743661f1c_202609086,202609086,1,8,0.9331395565230842
sweeps/phase2_functional_distance/runs/20260906T062437.125113Z_34b743661f1c_202609086,202609086,1,9,0.9338492419029311
sweeps/phase2_functional_distance/runs/20260906T062437.125113Z_34b743661f1c_202609086,202609086,1,10,0.933651938944059
sweeps/phase2_functional_distance/runs/20260906T062437.125113Z_34b743661f1c_202609086,202609086,1,11,0.9337586112694228
sweeps/phase2_functional_distance/runs/20260906T062437.125113Z_34b743661f1c_202609086,202609086,1,12,0.9335807943646263
sweeps/phase2_functional_distance/runs/20260906T062437.125113Z_34b743661f1c_202609086,202609086,1,13,0.9339985498787969
sweeps/phase2_functional_distance/runs/20260906T062437.125113Z_34b743661f1c_202609086,202609086,1,14,0.9331654290297983
sweeps/phase2_functional_distance/runs/20260906T062437.125113Z_34b743661f1c_202609086,202609086,1,15,0.9339202068732362
sweeps/phase2_functional_distance/runs/20260906T062437.125113Z_34b743661f1c_202609086,202609086,1,16,0.9332114364243498
sweeps/phase2_functional_distance/runs/20260906T062437.125501Z_515b9666d3c3_202609087,202609087,1,1,0.94421536244931
sweeps/phase2_functional_distance/runs/20260906T062437.125501Z_515b9666d3c3_202609087,202609087,1,2,0.9407139071411234
sweeps/phase2_functional_distance/runs/20260906T062437.125501Z_515b9666d3c3_202609087,202609087,1,3,0.9389472317950376
sweeps/phase2_functional_distance/runs/20260906T062437.125501Z_515b9666d3c3_202609087,202609087,1,4,0.9380440088920128
sweeps/phase2_functional_distance/runs/20260906T062437.125501Z_515b9666d3c3_202609087,202609087,1,5,0.9388026133871645
sweeps/phase2_functional_distance/runs/20260906T062437.125501Z_515b9666d3c3_202609087,202609087,1,6,0.9389715316080273
sweeps/phase2_functional_distance/runs/20260906T062437.125501Z_515b9666d3c3_202609087,202609087,1,7,0.9388252714503853
sweeps/phase2_functional_distance/runs/20260906T062437.125501Z_515b9666d3c3_202609087,202609087,1,8,0.9384462176147605
sweeps/phase2_functional_distance/runs/20260906T062437.125501Z_515b9666d3c3_202609087,202609087,1,9,0.9389807420298606
sweeps/phase2_functional_distance/runs/20260906T062437.125501Z_515b9666d3c3_202609087,202609087,1,10,0.938460083474149
sweeps/phase2_functional_distance/runs/20260906T062437.125501Z_515b9666d3c3_202609087,202609087,1,11,0.9385495251222582
sweeps/phase2_functional_distance/runs/20260906T062437.125501Z_515b9666d3c3_202609087,202609087,1,12,0.9383607282764672
sweeps/phase2_functional_distance/runs/20260906T062437.125501Z_515b9666d3c3_202609087,202609087,1,13,0.9385209087902996
sweeps/phase2_functional_distance/runs/20260906T062437.125501Z_515b9666d3c3_202609087,202609087,1,14,0.9383753770590758
sweeps/phase2_functional_distance/runs/20260906T062437.125501Z_515b9666d3c3_202609087,202609087,1,15,0.9383260149618226
sweeps/phase2_functional_distance/runs/20260906T062437.125501Z_515b9666d3c3_202609087,202609087,1,16,0.9385485158041746
sweeps/phase2_functional_distance/runs/20260906T062437.128353Z_5e0097ab3122_202609088,202609088,1,1,0.9383597236300999
sweeps/phase2_functional_distance/runs/20260906T062437.128353Z_5e0097ab3122_202609088,202609088,1,2,0.9355074550096849
sweeps/phase2_functional_distance/runs/20260906T062437.128353Z_5e0097ab3122_202609088,202609088,1,3,0.9323794800267328
sweeps/phase2_functional_distance/runs/20260906T062437.128353Z_5e0097ab3122_202609088,202609088,1,4,0.9313200479243449
sweeps/phase2_functional_distance/runs/20260906T062437.128353Z_5e0097ab3122_202609088,202609088,1,5,0.9312335541206689
sweeps/phase2_functional_distance/runs/20260906T062437.128353Z_5e0097ab3122_202609088,202609088,1,6,0.9312826787041782
sweeps/phase2_functional_distance/runs/20260906T062437.128353Z_5e0097ab3122_202609088,202609088,1,7,0.9313671004482018
sweeps/phase2_functional_distance/runs/20260906T062437.128353Z_5e0097ab3122_202609088,202609088,1,8,0.9306316947977974
sweeps/phase2_functional_distance/runs/20260906T062437.128353Z_5e0097ab3122_202609088,202609088,1,9,0.9314181068268169
sweeps/phase2_functional_distance/runs/20260906T062437.128353Z_5e0097ab3122_202609088,202609088,1,10,0.9310592984114269
sweeps/phase2_functional_distance/runs/20260906T062437.128353Z_5e0097ab3122_202609088,202609088,1,11,0.9313491856964119
sweeps/phase2_functional_distance/runs/20260906T062437.128353Z_5e0097ab3122_202609088,202609088,1,12,0.9314362295335499
sweeps/phase2_functional_distance/runs/20260906T062437.128353Z_5e0097ab3122_202609088,202609088,1,13,0.9313013652753409
sweeps/phase2_functional_distance/runs/20260906T062437.128353Z_5e0097ab3122_202609088,202609088,1,14,0.9311187404611533
sweeps/phase2_functional_distance/runs/20260906T062437.128353Z_5e0097ab3122_202609088,202609088,1,15,0.9308738405058807
sweeps/phase2_functional_distance/runs/20260906T062437.128353Z_5e0097ab3122_202609088,202609088,1,16,0.9310285809738927
sweeps/phase2_functional_distance/runs/20260906T062437.128394Z_acfa432f2238_202609089,202609089,1,1,0.940982415638597
sweeps/phase2_functional_distance/runs/20260906T062437.128394Z_acfa432f2238_202609089,202609089,1,2,0.9359042305680503
sweeps/phase2_functional_distance/runs/20260906T062437.128394Z_acfa432f2238_202609089,202609089,1,3,0.934127428965973
sweeps/phase2_functional_distance/runs/20260906T062437.128394Z_acfa432f2238_202609089,202609089,1,4,0.9334335096147641
sweeps/phase2_functional_distance/runs/20260906T062437.128394Z_acfa432f2238_202609089,202609089,1,5,0.9332348748455962
sweeps/phase2_functional_distance/runs/20260906T062437.128394Z_acfa432f2238_202609089,202609089,1,6,0.9330458417885581
sweeps/phase2_functional_distance/runs/20260906T062437.128394Z_acfa432f2238_202609089,202609089,1,7,0.9328086713842622
sweeps/phase2_functional_distance/runs/20260906T062437.128394Z_acfa432f2238_202609089,202609089,1,8,0.9336648203209255
sweeps/phase2_functional_distance/runs/20260906T062437.128394Z_acfa432f2238_202609089,202609089,1,9,0.9332326833428221
sweeps/phase2_functional_distance/runs/20260906T062437.128394Z_acfa432f2238_202609089,202609089,1,10,0.9330996295056583
sweeps/phase2_functional_distance/runs/20260906T062437.128394Z_acfa432f2238_202609089,202609089,1,11,0.9331814925296117
sweeps/phase2_functional_distance/runs/20260906T062437.128394Z_acfa432f2238_202609089,202609089,1,12,0.9333767282615255
sweeps/phase2_functional_distance/runs/20260906T062437.128394Z_acfa432f2238_202609089,202609089,1,13,0.9331887872831042
sweeps/phase2_functional_distance/runs/20260906T062437.128394Z_acfa432f2238_202609089,202609089,1,14,0.9328263676385592
sweeps/phase2_functional_distance/runs/20260906T062437.128394Z_acfa432f2238_202609089,202609089,1,15,0.9332168479347891
sweeps/phase2_functional_distance/runs/20260906T062437.128394Z_acfa432f2238_202609089,202609089,1,16,0.9333541134899247
sweeps/phase2_functional_distance/runs/20260906T063252.782305Z_544f22a6468d_202609080,202609080,8,1,0.9196708238089558
sweeps/phase2_functional_distance/runs/20260906T063252.782305Z_544f22a6468d_202609080,202609080,8,2,0.9204821909228468
sweeps/phase2_functional_distance/runs/20260906T063252.782305Z_544f22a6468d_202609080,202609080,8,3,0.9200937098825469
sweeps/phase2_functional_distance/runs/20260906T063252.782305Z_544f22a6468d_202609080,202609080,8,4,0.9196598855081677
sweeps/phase2_functional_distance/runs/20260906T063252.782305Z_544f22a6468d_202609080,202609080,8,5,0.9193629454654035
sweeps/phase2_functional_distance/runs/20260906T063252.782305Z_544f22a6468d_202609080,202609080,8,6,0.9194267715763407
sweeps/phase2_functional_distance/runs/20260906T063252.782305Z_544f22a6468d_202609080,202609080,8,7,0.919267468024641
sweeps/phase2_functional_distance/runs/20260906T063252.782305Z_544f22a6468d_202609080,202609080,8,8,0.9196460245649406
sweeps/phase2_functional_distance/runs/20260906T063252.782305Z_544f22a6468d_202609080,202609080,8,9,0.9189676894088973
sweeps/phase2_functional_distance/runs/20260906T063252.782305Z_544f22a6468d_202609080,202609080,8,10,0.9187894303308407
sweeps/phase2_functional_distance/runs/20260906T063252.782305Z_544f22a6468d_202609080,202609080,8,11,0.9182182322888574
sweeps/phase2_functional_distance/runs/20260906T063252.782305Z_544f22a6468d_202609080,202609080,8,12,0.9188220214667011
sweeps/phase2_functional_distance/runs/20260906T063252.782305Z_544f22a6468d_202609080,202609080,8,13,0.9185486138163584
sweeps/phase2_functional_distance/runs/20260906T063252.782305Z_544f22a6468d_202609080,202609080,8,14,0.9182524119293733
sweeps/phase2_functional_distance/runs/20260906T063252.782305Z_544f22a6468d_202609080,202609080,8,15,0.9182621509399181
sweeps/phase2_functional_distance/runs/20260906T063252.782305Z_544f22a6468d_202609080,202609080,8,16,0.9182295776085863
sweeps/phase2_functional_distance/runs/20260906T063252.782257Z_c4c98990f78f_202609081,202609081,8,1,0.9383059623938843
sweeps/phase2_functional_distance/runs/20260906T063252.782257Z_c4c98990f78f_202609081,202609081,8,2,0.9388961644942522
sweeps/phase2_functional_distance/runs/20260906T063252.782257Z_c4c98990f78f_202609081,202609081,8,3,0.937992439768893
sweeps/phase2_functional_distance/runs/20260906T063252.782257Z_c4c98990f78f_202609081,202609081,8,4,0.937761240883868
sweeps/phase2_functional_distance/runs/20260906T063252.782257Z_c4c98990f78f_202609081,202609081,8,5,0.9375897988880407
sweeps/phase2_functional_distance/runs/20260906T063252.782257Z_c4c98990f78f_202609081,202609081,8,6,0.9380123819554052
sweeps/phase2_functional_distance/runs/20260906T063252.782257Z_c4c98990f78f_202609081,202609081,8,7,0.9372144561158583
sweeps/phase2_functional_distance/runs/20260906T063252.782257Z_c4c98990f78f_202609081,202609081,8,8,0.9372184975641299
sweeps/phase2_functional_distance/runs/20260906T063252.782257Z_c4c98990f78f_202609081,202609081,8,9,0.9372094885429401
sweeps/phase2_functional_distance/runs/20260906T063252.782257Z_c4c98990f78f_202609081,202609081,8,10,0.9374127477910085
sweeps/phase2_functional_distance/runs/20260906T063252.782257Z_c4c98990f78f_202609081,202609081,8,11,0.9372439153168759
sweeps/phase2_functional_distance/runs/20260906T063252.782257Z_c4c98990f78f_202609081,202609081,8,12,0.937590426366064
sweeps/phase2_functional_distance/runs/20260906T063252.782257Z_c4c98990f78f_202609081,202609081,8,13,0.937308548819757
sweeps/phase2_functional_distance/runs/20260906T063252.782257Z_c4c98990f78f_202609081,202609081,8,14,0.9373742216032047
sweeps/phase2_functional_distance/runs/20260906T063252.782257Z_c4c98990f78f_202609081,202609081,8,15,0.9372273888959032
sweeps/phase2_functional_distance/runs/20260906T063252.782257Z_c4c98990f78f_202609081,202609081,8,16,0.937299064861475
sweeps/phase2_functional_distance/runs/20260906T063252.782299Z_a9277b04e702_202609082,202609082,8,1,0.9373707461388305
sweeps/phase2_functional_distance/runs/20260906T063252.782299Z_a9277b04e702_202609082,202609082,8,2,0.9375213971680416
sweeps/phase2_functional_distance/runs/20260906T063252.782299Z_a9277b04e702_202609082,202609082,8,3,0.9371969520603465
sweeps/phase2_functional_distance/runs/20260906T063252.782299Z_a9277b04e702_202609082,202609082,8,4,0.9369950664864506
sweeps/phase2_functional_distance/runs/20260906T063252.782299Z_a9277b04e702_202609082,202609082,8,5,0.9375742667714909
sweeps/phase2_functional_distance/runs/20260906T063252.782299Z_a9277b04e702_202609082,202609082,8,6,0.9371431257671214
sweeps/phase2_functional_distance/runs/20260906T063252.782299Z_a9277b04e702_202609082,202609082,8,7,0.9371538067155085
sweeps/phase2_functional_distance/runs/20260906T063252.782299Z_a9277b04e702_202609082,202609082,8,8,0.9370222513008587
sweeps/phase2_functional_distance/runs/20260906T063252.782299Z_a9277b04e702_202609082,202609082,8,9,0.9371219393888223
sweeps/phase2_functional_distance/runs/20260906T063252.782299Z_a9277b04e702_202609082,202609082,8,10,0.9363713611455825
sweeps/phase2_functional_distance/runs/20260906T063252.782299Z_a9277b04e702_202609082,202609082,8,11,0.9365933864814008
sweeps/phase2_functional_distance/runs/20260906T063252.782299Z_a9277b04e702_202609082,202609082,8,12,0.9365100758352033
sweeps/phase2_functional_distance/runs/20260906T063252.782299Z_a9277b04e702_202609082,202609082,8,13,0.9368007850095867
sweeps/phase2_functional_distance/runs/20260906T063252.782299Z_a9277b04e702_202609082,202609082,8,14,0.9364918860596488
sweeps/phase2_functional_distance/runs/20260906T063252.782299Z_a9277b04e702_202609082,202609082,8,15,0.9361707122949138
sweeps/phase2_functional_distance/runs/20260906T063252.782299Z_a9277b04e702_202609082,202609082,8,16,0.9365890928957781
sweeps/phase2_functional_distance/runs/20260906T063252.782338Z_a10b16958acf_202609083,202609083,8,1,0.916876385357863
sweeps/phase2_functional_distance/runs/20260906T063252.782338Z_a10b16958acf_202609083,202609083,8,2,0.9161087245460904
sweeps/phase2_functional_distance/runs/20260906T063252.782338Z_a10b16958acf_202609083,202609083,8,3,0.9167696927619043
sweeps/phase2_functional_distance/runs/20260906T063252.782338Z_a10b16958acf_202609083,202609083,8,4,0.9173283692416843
sweeps/phase2_functional_distance/runs/20260906T063252.782338Z_a10b16958acf_202609083,202609083,8,5,0.916733640505275
sweeps/phase2_functional_distance/runs/20260906T063252.782338Z_a10b16958acf_202609083,202609083,8,6,0.917028545060524
sweeps/phase2_functional_distance/runs/20260906T063252.782338Z_a10b16958acf_202609083,202609083,8,7,0.9164984495594937
sweeps/phase2_functional_distance/runs/20260906T063252.782338Z_a10b16958acf_202609083,202609083,8,8,0.9170865049509924
sweeps/phase2_functional_distance/runs/20260906T063252.782338Z_a10b16958acf_202609083,202609083,8,9,0.9160154299164629
sweeps/phase2_functional_distance/runs/20260906T063252.782338Z_a10b16958acf_202609083,202609083,8,10,0.9167955021702356
sweeps/phase2_functional_distance/runs/20260906T063252.782338Z_a10b16958acf_202609083,202609083,8,11,0.916606743919448
sweeps/phase2_functional_distance/runs/20260906T063252.782338Z_a10b16958acf_202609083,202609083,8,12,0.9166140664205764
sweeps/phase2_functional_distance/runs/20260906T063252.782338Z_a10b16958acf_202609083,202609083,8,13,0.9166223774114914
sweeps/phase2_functional_distance/runs/20260906T063252.782338Z_a10b16958acf_202609083,202609083,8,14,0.9166801453415356
sweeps/phase2_functional_distance/runs/20260906T063252.782338Z_a10b16958acf_202609083,202609083,8,15,0.9159212902171155
sweeps/phase2_functional_distance/runs/20260906T063252.782338Z_a10b16958acf_202609083,202609083,8,16,0.9164730363484219
sweeps/phase2_functional_distance/runs/20260906T063252.782306Z_da12dadccade_202609084,202609084,8,1,0.9290836145873085
sweeps/phase2_functional_distance/runs/20260906T063252.782306Z_da12dadccade_202609084,202609084,8,2,0.9287170959365025
sweeps/phase2_functional_distance/runs/20260906T063252.782306Z_da12dadccade_202609084,202609084,8,3,0.9286048395139063
sweeps/phase2_functional_distance/runs/20260906T063252.782306Z_da12dadccade_202609084,202609084,8,4,0.9286239579537384
sweeps/phase2_functional_distance/runs/20260906T063252.782306Z_da12dadccade_202609084,202609084,8,5,0.9287704893757703
sweeps/phase2_functional_distance/runs/20260906T063252.782306Z_da12dadccade_202609084,202609084,8,6,0.92841872608857
sweeps/phase2_functional_distance/runs/20260906T063252.782306Z_da12dadccade_202609084,202609084,8,7,0.9283965661363536
sweeps/phase2_functional_distance/runs/20260906T063252.782306Z_da12dadccade_202609084,202609084,8,8,0.9280039091033813
sweeps/phase2_functional_distance/runs/20260906T063252.782306Z_da12dadccade_202609084,202609084,8,9,0.928188573167397
sweeps/phase2_functional_distance/runs/20260906T063252.782306Z_da12dadccade_202609084,202609084,8,10,0.9283686632766857
sweeps/phase2_functional_distance/runs/20260906T063252.782306Z_da12dadccade_202609084,202609084,8,11,0.9284248753469281
sweeps/phase2_functional_distance/runs/20260906T063252.782306Z_da12dadccade_202609084,202609084,8,12,0.9277807182848875
sweeps/phase2_functional_distance/runs/20260906T063252.782306Z_da12dadccade_202609084,202609084,8,13,0.9280008921936637
sweeps/phase2_functional_distance/runs/20260906T063252.782306Z_da12dadccade_202609084,202609084,8,14,0.9277623341017238
sweeps/phase2_functional_distance/runs/20260906T063252.782306Z_da12dadccade_202609084,202609084,8,15,0.9280015603820266
sweeps/phase2_functional_distance/runs/20260906T063252.782306Z_da12dadccade_202609084,202609084,8,16,0.9278673699144216
sweeps/phase2_functional_distance/runs/20260906T063252.783724Z_1d6ae3f56b6d_202609085,202609085,8,1,0.9146730079485693
sweeps/phase2_functional_distance/runs/20260906T063252.783724Z_1d6ae3f56b6d_202609085,202609085,8,2,0.9159251036786499
sweeps/phase2_functional_distance/runs/20260906T063252.783724Z_1d6ae3f56b6d_202609085,202609085,8,3,0.9160435238744498
sweeps/phase2_functional_distance/runs/20260906T063252.783724Z_1d6ae3f56b6d_202609085,202609085,8,4,0.9159624807064444
sweeps/phase2_functional_distance/runs/20260906T063252.783724Z_1d6ae3f56b6d_202609085,202609085,8,5,0.915845781872431
sweeps/phase2_functional_distance/runs/20260906T063252.783724Z_1d6ae3f56b6d_202609085,202609085,8,6,0.9168817778637592
sweeps/phase2_functional_distance/runs/20260906T063252.783724Z_1d6ae3f56b6d_202609085,202609085,8,7,0.9161518193963255
sweeps/phase2_functional_distance/runs/20260906T063252.783724Z_1d6ae3f56b6d_202609085,202609085,8,8,0.9155598794125149
sweeps/phase2_functional_distance/runs/20260906T063252.783724Z_1d6ae3f56b6d_202609085,202609085,8,9,0.9152674673635578
sweeps/phase2_functional_distance/runs/20260906T063252.783724Z_1d6ae3f56b6d_202609085,202609085,8,10,0.9153584503237638
sweeps/phase2_functional_distance/runs/20260906T063252.783724Z_1d6ae3f56b6d_202609085,202609085,8,11,0.9152483288840825
sweeps/phase2_functional_distance/runs/20260906T063252.783724Z_1d6ae3f56b6d_202609085,202609085,8,12,0.9156807431898086
sweeps/phase2_functional_distance/runs/20260906T063252.783724Z_1d6ae3f56b6d_202609085,202609085,8,13,0.9150311973800783
sweeps/phase2_functional_distance/runs/20260906T063252.783724Z_1d6ae3f56b6d_202609085,202609085,8,14,0.9153764891041795
sweeps/phase2_functional_distance/runs/20260906T063252.783724Z_1d6ae3f56b6d_202609085,202609085,8,15,0.9154489558923331
sweeps/phase2_functional_distance/runs/20260906T063252.783724Z_1d6ae3f56b6d_202609085,202609085,8,16,0.9149107192121744
sweeps/phase2_functional_distance/runs/20260906T063252.783721Z_26e3d86691d8_202609086,202609086,8,1,0.9154483900813661
sweeps/phase2_functional_distance/runs/20260906T063252.783721Z_26e3d86691d8_202609086,202609086,8,2,0.9147257178666129
sweeps/phase2_functional_distance/runs/20260906T063252.783721Z_26e3d86691d8_202609086,202609086,8,3,0.9138574413529217
sweeps/phase2_functional_distance/runs/20260906T063252.783721Z_26e3d86691d8_202609086,202609086,8,4,0.913375215215833
sweeps/phase2_functional_distance/runs/20260906T063252.783721Z_26e3d86691d8_202609086,202609086,8,5,0.913676723572254
sweeps/phase2_functional_distance/runs/20260906T063252.783721Z_26e3d86691d8_202609086,202609086,8,6,0.9147052896561864
sweeps/phase2_functional_distance/runs/20260906T063252.783721Z_26e3d86691d8_202609086,202609086,8,7,0.9129948593942497
sweeps/phase2_functional_distance/runs/20260906T063252.783721Z_26e3d86691d8_202609086,202609086,8,8,0.9138733410883798
sweeps/phase2_functional_distance/runs/20260906T063252.783721Z_26e3d86691d8_202609086,202609086,8,9,0.9133075352341041
sweeps/phase2_functional_distance/runs/20260906T063252.783721Z_26e3d86691d8_202609086,202609086,8,10,0.9133255420018466
sweeps/phase2_functional_distance/runs/20260906T063252.783721Z_26e3d86691d8_202609086,202609086,8,11,0.9134220801216414
sweeps/phase2_functional_distance/runs/20260906T063252.783721Z_26e3d86691d8_202609086,202609086,8,12,0.9131477365646039
sweeps/phase2_functional_distance/runs/20260906T063252.783721Z_26e3d86691d8_202609086,202609086,8,13,0.9128820364979972
sweeps/phase2_functional_distance/runs/20260906T063252.783721Z_26e3d86691d8_202609086,202609086,8,14,0.913899596888513
sweeps/phase2_functional_distance/runs/20260906T063252.783721Z_26e3d86691d8_202609086,202609086,8,15,0.9128724534607034
sweeps/phase2_functional_distance/runs/20260906T063252.783721Z_26e3d86691d8_202609086,202609086,8,16,0.9134720177866278
sweeps/phase2_functional_distance/runs/20260906T063252.783781Z_70492e000c21_202609087,202609087,8,1,0.9229422115381261
sweeps/phase2_functional_distance/runs/20260906T063252.783781Z_70492e000c21_202609087,202609087,8,2,0.9233699618662579
sweeps/phase2_functional_distance/runs/20260906T063252.783781Z_70492e000c21_202609087,202609087,8,3,0.9238312235056305
sweeps/phase2_functional_distance/runs/20260906T063252.783781Z_70492e000c21_202609087,202609087,8,4,0.9230222078166763
sweeps/phase2_functional_distance/runs/20260906T063252.783781Z_70492e000c21_202609087,202609087,8,5,0.9241790225168487
sweeps/phase2_functional_distance/runs/20260906T063252.783781Z_70492e000c21_202609087,202609087,8,6,0.92320433408034
sweeps/phase2_functional_distance/runs/20260906T063252.783781Z_70492e000c21_202609087,202609087,8,7,0.9234736181016094
sweeps/phase2_functional_distance/runs/20260906T063252.783781Z_70492e000c21_202609087,202609087,8,8,0.9232969133506811
sweeps/phase2_functional_distance/runs/20260906T063252.783781Z_70492e000c21_202609087,202609087,8,9,0.9234517339406002
sweeps/phase2_functional_distance/runs/20260906T063252.783781Z_70492e000c21_202609087,202609087,8,10,0.9233892848891939
sweeps/phase2_functional_distance/runs/20260906T063252.783781Z_70492e000c21_202609087,202609087,8,11,0.923154543479841
sweeps/phase2_functional_distance/runs/20260906T063252.783781Z_70492e000c21_202609087,202609087,8,12,0.9231737733054892
sweeps/phase2_functional_distance/runs/20260906T063252.783781Z_70492e000c21_202609087,202609087,8,13,0.9231817398867488
sweeps/phase2_functional_distance/runs/20260906T063252.783781Z_70492e000c21_202609087,202609087,8,14,0.9236881121329178
sweeps/phase2_functional_distance/runs/20260906T063252.783781Z_70492e000c21_202609087,202609087,8,15,0.923245789633608
sweeps/phase2_functional_distance/runs/20260906T063252.783781Z_70492e000c21_202609087,202609087,8,16,0.9232321645421554
sweeps/phase2_functional_distance/runs/20260906T063252.783895Z_df9f475b4938_202609088,202609088,8,1,0.9335403211922759
sweeps/phase2_functional_distance/runs/20260906T063252.783895Z_df9f475b4938_202609088,202609088,8,2,0.932765787374812
sweeps/phase2_functional_distance/runs/20260906T063252.783895Z_df9f475b4938_202609088,202609088,8,3,0.9329780891574729
sweeps/phase2_functional_distance/runs/20260906T063252.783895Z_df9f475b4938_202609088,202609088,8,4,0.9326400990465663
sweeps/phase2_functional_distance/runs/20260906T063252.783895Z_df9f475b4938_202609088,202609088,8,5,0.9326992984543985
sweeps/phase2_functional_distance/runs/20260906T063252.783895Z_df9f475b4938_202609088,202609088,8,6,0.9320021686763391
sweeps/phase2_functional_distance/runs/20260906T063252.783895Z_df9f475b4938_202609088,202609088,8,7,0.9324517561923964
sweeps/phase2_functional_distance/runs/20260906T063252.783895Z_df9f475b4938_202609088,202609088,8,8,0.9325404856867654
sweeps/phase2_functional_distance/runs/20260906T063252.783895Z_df9f475b4938_202609088,202609088,8,9,0.9326202103751707
sweeps/phase2_functional_distance/runs/20260906T063252.783895Z_df9f475b4938_202609088,202609088,8,10,0.9321101635982407
sweeps/phase2_functional_distance/runs/20260906T063252.783895Z_df9f475b4938_202609088,202609088,8,11,0.9320383336073537
sweeps/phase2_functional_distance/runs/20260906T063252.783895Z_df9f475b4938_202609088,202609088,8,12,0.9322935885482553
sweeps/phase2_functional_distance/runs/20260906T063252.783895Z_df9f475b4938_202609088,202609088,8,13,0.9322522382790308
sweeps/phase2_functional_distance/runs/20260906T063252.783895Z_df9f475b4938_202609088,202609088,8,14,0.9321544406027613
sweeps/phase2_functional_distance/runs/20260906T063252.783895Z_df9f475b4938_202609088,202609088,8,15,0.9321378484792677
sweeps/phase2_functional_distance/runs/20260906T063252.783895Z_df9f475b4938_202609088,202609088,8,16,0.9324605461701305
sweeps/phase2_functional_distance/runs/20260906T063252.783843Z_a63fa1a0790a_202609089,202609089,8,1,0.9299291962017726
sweeps/phase2_functional_distance/runs/20260906T063252.783843Z_a63fa1a0790a_202609089,202609089,8,2,0.9289441965859792
sweeps/phase2_functional_distance/runs/20260906T063252.783843Z_a63fa1a0790a_202609089,202609089,8,3,0.9292500872871966
sweeps/phase2_functional_distance/runs/20260906T063252.783843Z_a63fa1a0790a_202609089,202609089,8,4,0.9299711692935723
sweeps/phase2_functional_distance/runs/20260906T063252.783843Z_a63fa1a0790a_202609089,202609089,8,5,0.9292917701615674
sweeps/phase2_functional_distance/runs/20260906T063252.783843Z_a63fa1a0790a_202609089,202609089,8,6,0.9293166304444684
sweeps/phase2_functional_distance/runs/20260906T063252.783843Z_a63fa1a0790a_202609089,202609089,8,7,0.929216786065438
sweeps/phase2_functional_distance/runs/20260906T063252.783843Z_a63fa1a0790a_202609089,202609089,8,8,0.9296022680488751
sweeps/phase2_functional_distance/runs/20260906T063252.783843Z_a63fa1a0790a_202609089,202609089,8,9,0.9287530204761157
sweeps/phase2_functional_distance/runs/20260906T063252.783843Z_a63fa1a0790a_202609089,202609089,8,10,0.9293636073102138
sweeps/phase2_functional_distance/runs/20260906T063252.783843Z_a63fa1a0790a_202609089,202609089,8,11,0.9288797449750439
sweeps/phase2_functional_distance/runs/20260906T063252.783843Z_a63fa1a0790a_202609089,202609089,8,12,0.9294956120596508
sweeps/phase2_functional_distance/runs/20260906T063252.783843Z_a63fa1a0790a_202609089,202609089,8,13,0.9288595634900743
sweeps/phase2_functional_distance/runs/20260906T063252.783843Z_a63fa1a0790a_202609089,202609089,8,14,0.9287806109700237
sweeps/phase2_functional_distance/runs/20260906T063252.783843Z_a63fa1a0790a_202609089,202609089,8,15,0.929007693619488
sweeps/phase2_functional_distance/runs/20260906T063252.783843Z_a63fa1a0790a_202609089,202609089,8,16,0.9285206786261089
