pool_multiplier,seed,n_windows,observed_mean_corr,null_mean_corr,gap,run_dir
0.5,0,10,0.19082373652443996,0.009031029070442748,0.1817927074539972,experiments/phase1_runs/metabolic_trace_windows/trace_m0p5_n256_s0
0.5,1,10,0.20372977275032667,0.010402156346681225,0.19332761640364543,experiments/phase1_runs/metabolic_trace_windows/trace_m0p5_n256_s1
0.5,2,10,0.19227191964248982,0.011005769236544782,0.18126615040594504,experiments/phase1_runs/metabolic_trace_windows/trace_m0p5_n256_s2
16.0,0,10,0.18651284092746998,0.01153533277254639,0.17497750815492358,experiments/phase1_runs/metabolic_trace_windows/trace_m16_n256_s0
16.0,1,10,0.20001605672926415,0.010787858009057164,0.189228198720207,experiments/phase1_runs/metabolic_trace_windows/trace_m16_n256_s1
16.0,2,10,0.20393929138074562,0.012388317852185336,0.1915509735285603,experiments/phase1_runs/metabolic_trace_windows/trace_m16_n256_s2
2.0,0,10,0.18625540015284536,0.010793229474334708,0.17546217067851066,experiments/phase1_runs/metabolic_trace_windows/trace_m2_n256_s0
2.0,1,10,0.18023637945205687,0.010984399985403064,0.1692519794666538,experiments/phase1_runs/metabolic_trace_windows/trace_m2_n256_s1
2.0,2,10,0.19198161549102244,0.011814728062224457,0.180166887428798,experiments/phase1_runs/metabolic_trace_windows/trace_m2_n256_s2
