run_dir,seed,dissolution_rate,reseed_rate,successful_exit,invariant_failures,conserved,max_conservation_residual,minimum_tapes,late_mean_occupied_fraction,longest_clogged_ticks,late_active_interaction_fraction,late_successful_writes,dissolutions,placements,late_pool_changes,mechanically_feasible,final_snapshot_tick,final_tapes,final_unique_hashes,neighbor_identity_excess,neighbor_identity_p,q1_beta,q1_beta_null_mean,q1_beta_excess,q1_beta_p,byte_snapshot_tick,neighbor_byte_identity_excess,neighbor_byte_identity_p,opcode_q1_beta_excess,opcode_q1_beta_p,radius
sweeps/phase2_radius_pilot/runs/20260826T025420.821676Z_54c5cc5c21b2_202608260,202608260,1e-05,1e-05,True,0,True,0,784,0.7669453125,0,1.0,1720759,41,6,499,True,4900,785,785,0.0,1.0,237.83288305673352,237.83288305673344,8.526512829121202e-14,1.0,4500,0.006526224518103629,0.001,-0.12558112555696077,0.956,1
sweeps/phase2_radius_pilot/runs/20260826T025420.824212Z_df515fe45150_202608261,202608261,1e-05,1e-05,True,0,True,0,785,0.7672421875,0,1.0,810451,47,13,499,True,4900,785,785,0.0,1.0,238.5694928377844,238.56949283778437,2.842170943040401e-14,1.0,4500,0.004396131604012039,0.001,0.05029978071763708,0.263,1
sweeps/phase2_radius_pilot/runs/20260826T025420.824836Z_feb25633d049_202608262,202608262,1e-05,1e-05,True,0,True,0,792,0.7754296875,0,1.0,1024346,32,5,499,True,4900,794,794,0.0,1.0,240.25762195121936,240.2576219512194,-2.842170943040401e-14,1.0,4500,0.007028129151004505,0.001,-0.01939685685461434,0.589,1
sweeps/phase2_radius_pilot/runs/20260826T025420.824822Z_611269108d09_202608263,202608263,1e-05,1e-05,True,0,True,0,772,0.754634765625,0,1.0,2457412,59,12,499,True,4900,772,772,0.0,1.0,234.45476003147118,234.4547600314712,-2.842170943040401e-14,1.0,4500,0.0041657599240968205,0.001,0.1550261600273366,0.034,1
sweeps/phase2_radius_pilot/runs/20260826T025420.825181Z_969954bef0ac_202608264,202608264,1e-05,1e-05,True,0,True,0,801,0.78368359375,0,1.0,3688429,35,18,499,True,4900,802,802,0.0,1.0,239.28720238095306,239.2872023809531,-2.842170943040401e-14,1.0,4500,0.005017625765757894,0.001,0.2165557651475538,0.007,1
sweeps/phase2_radius_pilot/runs/20260826T030317.867725Z_76b974e128c5_202608260,202608260,1e-05,1e-05,True,0,True,0,784,0.7669453125,0,1.0,830869,41,6,499,True,4900,785,785,0.0,1.0,237.83288305673352,237.83288305673344,8.526512829121202e-14,1.0,4500,0.014934175026177495,0.001,0.05788140347840098,0.236,2
sweeps/phase2_radius_pilot/runs/20260826T030317.867721Z_a86851b15591_202608261,202608261,1e-05,1e-05,True,0,True,0,785,0.7672421875,0,1.0,1886975,47,13,499,True,4900,785,785,0.0,1.0,238.5694928377844,238.56949283778437,2.842170943040401e-14,1.0,4500,0.01637529957842458,0.001,0.1259994379063567,0.061,2
sweeps/phase2_radius_pilot/runs/20260826T030317.871253Z_b5796a752d22_202608262,202608262,1e-05,1e-05,True,0,True,0,792,0.7754296875,0,1.0,2117927,32,5,499,True,4900,794,794,0.0,1.0,240.25762195121936,240.2576219512194,-2.842170943040401e-14,1.0,4500,0.02077069481460416,0.001,0.22026293327255253,0.008,2
sweeps/phase2_radius_pilot/runs/20260826T030317.871254Z_ede4e36fd053_202608263,202608263,1e-05,1e-05,True,0,True,0,772,0.754634765625,0,1.0,2488383,59,12,499,True,4900,772,772,0.0,1.0,234.45476003147118,234.4547600314712,-2.842170943040401e-14,1.0,4500,0.01810470688730629,0.001,0.04392603557599983,0.281,2
sweeps/phase2_radius_pilot/runs/20260826T030317.872558Z_62d1e6e8726f_202608264,202608264,1e-05,1e-05,True,0,True,0,801,0.78368359375,0,1.0,1202742,35,18,499,True,4900,802,802,0.0,1.0,239.28720238095306,239.2872023809531,-2.842170943040401e-14,1.0,4500,0.014237208354638556,0.001,0.18014419771583157,0.015,2
sweeps/phase2_radius_pilot/runs/20260826T031103.040532Z_a959affd7b11_202608260,202608260,1e-05,1e-05,True,0,True,0,784,0.7669453125,0,1.0,1582825,41,6,499,True,4900,785,785,0.0,1.0,237.83288305673352,237.83288305673344,8.526512829121202e-14,1.0,4500,0.008014606403278278,0.001,0.08142053294722018,0.159,4
sweeps/phase2_radius_pilot/runs/20260826T031103.040381Z_417ddd05a4ca_202608261,202608261,1e-05,1e-05,True,0,True,0,785,0.7672421875,0,1.0,1493158,47,13,499,True,4900,785,785,0.0,1.0,238.5694928377844,238.56949283778437,2.842170943040401e-14,1.0,4500,0.008166166793884185,0.001,0.12377223900785594,0.014,4
sweeps/phase2_radius_pilot/runs/20260826T031103.043095Z_5cb37b70b816_202608262,202608262,1e-05,1e-05,True,0,True,0,792,0.7754296875,0,1.0,4746146,32,5,499,True,4900,794,794,0.0,1.0,240.25762195121936,240.2576219512194,-2.842170943040401e-14,1.0,4500,0.007108832578025212,0.001,-0.06249879652493817,0.84,4
sweeps/phase2_radius_pilot/runs/20260826T031103.043384Z_1ec194a4c9c3_202608263,202608263,1e-05,1e-05,True,0,True,0,772,0.754634765625,0,1.0,3834922,59,12,499,True,4900,772,772,0.0,1.0,234.45476003147118,234.4547600314712,-2.842170943040401e-14,1.0,4500,0.008690706257775517,0.001,0.15318253795829406,0.036,4
sweeps/phase2_radius_pilot/runs/20260826T031103.044193Z_210091fe08fd_202608264,202608264,1e-05,1e-05,True,0,True,0,801,0.78368359375,0,1.0,8132006,35,18,499,True,4900,802,802,0.0,1.0,239.28720238095306,239.2872023809531,-2.842170943040401e-14,1.0,4500,0.006480416220388694,0.001,0.03572054318136786,0.26,4
sweeps/phase2_radius_pilot/runs/20260826T032025.816377Z_4631faf44fed_202608260,202608260,1e-05,1e-05,True,0,True,0,784,0.7669453125,0,1.0,1292525,41,6,499,True,4900,785,785,0.0,1.0,237.83288305673352,237.83288305673344,8.526512829121202e-14,1.0,4500,0.0018975209790382495,0.001,-0.023560095899632927,0.635,8
sweeps/phase2_radius_pilot/runs/20260826T032025.816374Z_45aac077088b_202608261,202608261,1e-05,1e-05,True,0,True,0,785,0.7672421875,0,1.0,1810888,47,13,499,True,4900,785,785,0.0,1.0,238.5694928377844,238.56949283778437,2.842170943040401e-14,1.0,4500,0.0007378956088195231,0.033,-0.03798281969682371,0.716,8
sweeps/phase2_radius_pilot/runs/20260826T032025.816340Z_ddf1fe1694ba_202608262,202608262,1e-05,1e-05,True,0,True,0,792,0.7754296875,0,1.0,5143940,32,5,499,True,4900,794,794,0.0,1.0,240.25762195121936,240.2576219512194,-2.842170943040401e-14,1.0,4500,0.0018166373070764002,0.001,-0.05698571159894961,0.757,8
sweeps/phase2_radius_pilot/runs/20260826T032025.816407Z_e317a60437a5_202608263,202608263,1e-05,1e-05,True,0,True,0,772,0.754634765625,0,1.0,6655016,59,12,499,True,4900,772,772,0.0,1.0,234.45476003147118,234.4547600314712,-2.842170943040401e-14,1.0,4500,0.0009712042097676996,0.001,-0.044382837844743506,0.8,8
sweeps/phase2_radius_pilot/runs/20260826T032025.816336Z_147e4e85d4f9_202608264,202608264,1e-05,1e-05,True,0,True,0,801,0.78368359375,0,1.0,3856252,35,18,499,True,4900,802,802,0.0,1.0,239.28720238095306,239.2872023809531,-2.842170943040401e-14,1.0,4500,0.0014591616783909377,0.002,0.044854860293037646,0.25,8
