epoch,elapsed_seconds,character_reads,byte_entropy,brotli_size,compressed_bpb,high_order_entropy,dominant_tape_count,dominant_tape_fraction,distinct_tapes
1,2.1011108751408756,5301997,7.999848913793868,1048591,8.000114440917969,-0.0002655271241005508,1,6.103515625e-05,16384
101,2.2908852910622954,492416646,7.998668439473661,1029988,7.858184814453125,0.14048362502053635,1,6.103515625e-05,16384
201,2.476429458009079,958638445,7.996695475515292,1018106,7.7675323486328125,0.22916312688247942,2,0.0001220703125,16383
301,2.661436250200495,1417914926,7.993221902798726,1009766,7.7039031982421875,0.2893187045565382,2,0.0001220703125,16383
401,2.850141416070983,1874761460,7.989912928579008,1004357,7.662635803222656,0.32727712535635156,2,0.0001220703125,16383
501,3.0328013750258833,2326071534,7.983572047003118,1000757,7.635169982910156,0.34840206409296215,2,0.0001220703125,16383
601,3.215981583110988,2777092361,7.975991807137452,999091,7.622459411621094,0.35353239551635784,1,6.103515625e-05,16384
701,3.3967090412043035,3223786243,7.970025915480794,996191,7.600334167480469,0.3696917480003252,2,0.0001220703125,16383
801,3.576003958005458,3660307743,7.962332722618056,995552,7.595458984375,0.366873738243056,2,0.0001220703125,16381
901,3.754683833103627,4093001432,7.955861128728997,995991,7.598808288574219,0.3570528401547781,2,0.0001220703125,16382
1001,3.9360432911198586,4521374678,7.946214375235725,996742,7.6045379638671875,0.3416764113685371,1,6.103515625e-05,16384
1101,4.1141781660262495,4945901890,7.939434475095489,998026,7.6143341064453125,0.3251003686501761,2,0.0001220703125,16383
1201,4.2938602501526475,5367510830,7.930559638104626,998865,7.620735168457031,0.30982446964759447,1,6.103515625e-05,16384
1301,4.475682249991223,5788406009,7.921486863681374,998857,7.620674133300781,0.300812730380593,2,0.0001220703125,16383
1401,4.654966333182529,6205336940,7.911868339957302,999497,7.625556945800781,0.2863113941565212,1,6.103515625e-05,16384
1501,4.834905541036278,6627376809,7.895709302237911,996471,7.602470397949219,0.2932389042886925,1,6.103515625e-05,16384
1601,5.017828208161518,7057208556,7.880633135384654,991632,7.5655517578125,0.31508137757215415,1,6.103515625e-05,16384
1701,5.205964583205059,7497201459,7.868369707211782,989214,7.5471038818359375,0.32126582537584447,3,0.00018310546875,16381
1801,5.393814875045791,7943192218,7.858952236283001,989126,7.5464324951171875,0.31251974116581316,1,6.103515625e-05,16384
1901,5.581502665998414,8390965167,7.8474637966428755,988861,7.544410705566406,0.30305309107646927,1,6.103515625e-05,16384
2001,5.769675166113302,8834869929,7.830274872219741,988421,7.541053771972656,0.2892211002470848,1,6.103515625e-05,16384
2101,5.960873625008389,9284936351,7.814282522794304,987207,7.531791687011719,0.2824908357825855,1,6.103515625e-05,16384
2201,6.153884541010484,9738292000,7.796560983148525,984811,7.513511657714844,0.283049325433681,4,0.000244140625,16381
2301,6.343416375108063,10189224851,7.785517645769345,983872,7.50634765625,0.27916998951934513,1,6.103515625e-05,16384
2401,6.53860995802097,10637900245,7.769672943409401,985070,7.5154876708984375,0.2541852725109637,1,6.103515625e-05,16384
2501,6.730953541118652,11088166666,7.757538021463141,985118,7.5158538818359375,0.24168413962720336,1,6.103515625e-05,16384
2601,6.92370287515223,11535724161,7.743255481239636,985824,7.521240234375,0.22201524686463614,1,6.103515625e-05,16384
2701,7.117184708127752,11987462009,7.733346995520575,985583,7.519401550292969,0.2139454452276066,1,6.103515625e-05,16384
2801,7.317227541003376,12445808140,7.7136252196624495,984432,7.5106201171875,0.20300510247494952,1,6.103515625e-05,16384
2901,7.513936625095084,12899167684,7.701898088205916,986025,7.522773742675781,0.179124345530135,1,6.103515625e-05,16384
3001,7.711912541184574,13347119332,7.698497902448169,987363,7.532981872558594,0.16551602988957548,1,6.103515625e-05,16384
3101,7.910226833075285,13808607049,7.69162596952623,986456,7.52606201171875,0.16556395780748012,1,6.103515625e-05,16384
3201,8.107328457990661,14263311991,7.686474236255918,986453,7.526039123535156,0.16043511272076216,1,6.103515625e-05,16384
3301,8.308878416195512,14720062225,7.680958079601226,985917,7.521949768066406,0.1590083115348193,1,6.103515625e-05,16384
3401,8.509727500146255,15175635230,7.670274886005088,986490,7.5263214111328125,0.1439534748722755,1,6.103515625e-05,16384
3501,8.71378104109317,15636986886,7.665036894167116,985554,7.5191802978515625,0.1458565963155536,1,6.103515625e-05,16384
3601,8.915098208002746,16100657002,7.653068926279822,985609,7.519599914550781,0.1334690117290407,2,0.0001220703125,16383
3701,9.11925125005655,16574405768,7.649958374331502,986172,7.523895263671875,0.1260631106596266,1,6.103515625e-05,16384
3801,9.326267791213468,17059399562,7.639454441943271,985509,7.518836975097656,0.1206174668456148,1,6.103515625e-05,16384
3901,9.534757750108838,17552131631,7.6285916342044935,985593,7.519477844238281,0.10911378996621224,1,6.103515625e-05,16384
4001,9.745414333185181,18043637105,7.630856844899289,986330,7.5251007080078125,0.10575613689147634,1,6.103515625e-05,16384
4101,9.957276625093073,18539165892,7.631153994668274,986988,7.530120849609375,0.10103314505889927,1,6.103515625e-05,16384
4201,10.171807958045974,19048265417,7.628284135372001,986195,7.524070739746094,0.10421339562590681,1,6.103515625e-05,16384
4301,10.38306204113178,19557291753,7.625911981712628,986550,7.5267791748046875,0.09913280690794046,1,6.103515625e-05,16384
4401,10.592545708175749,20064117379,7.615054469062078,984803,7.513450622558594,0.10160384650348409,1,6.103515625e-05,16384
4501,10.80738424998708,20578372949,7.603234947524928,984077,7.507911682128906,0.0953232653960221,1,6.103515625e-05,16384
4601,11.027187625179067,21102318037,7.596971047059075,983441,7.503059387207031,0.09391165985204353,1,6.103515625e-05,16384
4701,11.244295665994287,21624960022,7.588636290636773,981498,7.4882354736328125,0.10040081700396009,2,0.0001220703125,16383
4801,11.463309333194047,22159474749,7.591627515093978,980720,7.4822998046875,0.10932771040647804,2,0.0001220703125,16383
4901,11.680739541072398,22696867458,7.587102767458263,980185,7.478218078613281,0.1088846888449817,1,6.103515625e-05,16384
5001,11.902552208164707,23236673219,7.587425976299025,981158,7.4856414794921875,0.10178449680683777,1,6.103515625e-05,16384
5101,12.12269291607663,23770544549,7.585581188566836,981106,7.4852447509765625,0.10033643759027377,1,6.103515625e-05,16384
5201,12.344006375176832,24315842483,7.579832354943407,980648,7.48175048828125,0.09808186666215679,1,6.103515625e-05,16384
5301,12.569123958004639,24871845929,7.57912480410701,980786,7.4828033447265625,0.09632145938044712,1,6.103515625e-05,16384
5401,12.79729445814155,25440963655,7.575843143985225,980178,7.4781646728515625,0.0976784711336629,1,6.103515625e-05,16384
5501,13.025129416026175,26015218708,7.573905766796971,979517,7.473121643066406,0.10078412373056445,1,6.103515625e-05,16384
5601,13.253259458113462,26585782752,7.56511710903108,979134,7.4701995849609375,0.09491752407014253,1,6.103515625e-05,16384
5701,13.480290916049853,27156286536,7.563911155543747,979056,7.4696044921875,0.09430666335624682,1,6.103515625e-05,16384
5801,13.708124250173569,27734120585,7.5600373078839,979594,7.4737091064453125,0.08632820143858755,1,6.103515625e-05,16384
5901,13.943348083179444,28315589896,7.557542646607089,980118,7.4777069091796875,0.07983573742740191,1,6.103515625e-05,16384
6001,14.177183500025421,28888257965,7.55293549806953,979471,7.472770690917969,0.08016480715156149,1,6.103515625e-05,16384
6101,14.41275225020945,29466645694,7.545024859081609,979180,7.470550537109375,0.07447432197223414,1,6.103515625e-05,16384
6201,14.642118458170444,30047564880,7.539506966621836,977678,7.4590911865234375,0.08041578009839867,1,6.103515625e-05,16384
6301,14.866841125069186,30612112766,7.533278992906547,977149,7.455055236816406,0.0782237560901411,1,6.103515625e-05,16384
6401,15.093772000167519,31172589427,7.533220462409091,976394,7.4492950439453125,0.0839254184637781,1,6.103515625e-05,16384
6501,15.318434833083302,31732779838,7.517323926891087,974867,7.437644958496094,0.079678968394993,1,6.103515625e-05,16384
6601,15.544277333188802,32290029586,7.518505367307603,975626,7.4434356689453125,0.07506969836229072,1,6.103515625e-05,16384
6701,15.770713541191071,32848721739,7.517479801223311,975258,7.4406280517578125,0.07685174946549811,1,6.103515625e-05,16384
6801,15.99693987518549,33410042783,7.513687204397871,974559,7.435295104980469,0.07839209941740233,1,6.103515625e-05,16384
6901,16.217417958192527,33966666515,7.505927237098717,973410,7.4265289306640625,0.07939830643465484,1,6.103515625e-05,16384
7001,16.442358458181843,34521268139,7.509361251543278,971832,7.41448974609375,0.09487150544952794,2,0.0001220703125,16383
7101,16.665419124998152,35079175403,7.506823137035223,972237,7.417579650878906,0.08924348615631672,1,6.103515625e-05,16384
7201,16.889984583016485,35633531335,7.503002656376154,971385,7.411079406738281,0.09192324963787257,1,6.103515625e-05,16384
7301,17.112844416173175,36186143613,7.493935639527259,969462,7.3964080810546875,0.09752755847257166,1,6.103515625e-05,16384
7401,17.337670458015054,36731192560,7.48812045224715,969415,7.396049499511719,0.09207095273543153,1,6.103515625e-05,16384
7501,17.562476000050083,37280846150,7.490531430437537,968844,7.391693115234375,0.098838315203162,1,6.103515625e-05,16384
7601,17.783225291175768,37830999125,7.483580188945714,968107,7.386070251464844,0.09750993748087033,1,6.103515625e-05,16384
7701,18.006924333050847,38377042372,7.483106275215903,969260,7.394866943359375,0.08823933185652777,1,6.103515625e-05,16384
7801,18.230082708178088,38921290868,7.483864368545168,970549,7.404701232910156,0.07916313563501198,1,6.103515625e-05,16384
7901,18.461261708056554,39466685021,7.48131037825355,971333,7.410682678222656,0.07062770003089369,1,6.103515625e-05,16384
8001,18.69102691602893,40015730869,7.485142556948631,972121,7.416694641113281,0.0684479158353497,1,6.103515625e-05,16384
8101,18.92524458304979,40568167293,7.47754054522058,970289,7.402717590332031,0.07482295488854884,1,6.103515625e-05,16384
8201,19.14907050016336,41111139035,7.477127516494077,968106,7.3860626220703125,0.09106489442376464,1,6.103515625e-05,16384
8301,19.371201541041955,41651635448,7.48033954652923,967979,7.385093688964844,0.09524585756438597,1,6.103515625e-05,16384
8401,19.593699666205794,42191098220,7.47699688130166,966288,7.3721923828125,0.10480449848915985,1,6.103515625e-05,16384
8501,19.81216250010766,42733717610,7.471521976426553,965077,7.362953186035156,0.10856879039139677,1,6.103515625e-05,16384
8601,20.029773750109598,43270840628,7.473794407588014,964364,7.357513427734375,0.11628097985363883,1,6.103515625e-05,16384
8701,20.250608375063166,43795979099,7.476000345882911,964144,7.3558349609375,0.12016538494541074,1,6.103515625e-05,16384
8801,20.47260925010778,44322616747,7.473796271006242,964120,7.35565185546875,0.11814441553749244,1,6.103515625e-05,16384
8901,20.68992391601205,44844797909,7.478983133818897,965769,7.368232727050781,0.11075040676811554,1,6.103515625e-05,16384
9001,20.899692750070244,45351637946,7.471137709804682,964445,7.358131408691406,0.11300630111327603,1,6.103515625e-05,16384
9101,21.11445645801723,45859628627,7.4757450480145735,965900,7.369232177734375,0.10651287028019851,1,6.103515625e-05,16384
9201,21.32915591611527,46361540158,7.4775423608191804,966114,7.3708648681640625,0.10667749265511794,1,6.103515625e-05,16384
9301,21.543540625134483,46866192109,7.488546568528168,968243,7.387107849121094,0.10143871940707427,1,6.103515625e-05,16384
9401,21.756285291165113,47371343757,7.488735455118404,967683,7.382835388183594,0.10590006693481069,1,6.103515625e-05,16384
9501,21.966689416207373,47870106348,7.489474731763608,967282,7.3797760009765625,0.10969873078704584,1,6.103515625e-05,16384
9601,22.17659725015983,48356710878,7.496027031247588,967764,7.383453369140625,0.11257366210696329,1,6.103515625e-05,16384
9701,22.384455541148782,48846816589,7.498575913353438,967825,7.383918762207031,0.11465715114640673,1,6.103515625e-05,16384
9801,22.597565500065684,49347074936,7.499322514186478,966948,7.377227783203125,0.12209473098335266,1,6.103515625e-05,16384
9901,22.804517458193004,49842459166,7.499391047624462,966758,7.3757781982421875,0.12361284938227435,1,6.103515625e-05,16384
10001,23.014966000104323,50328777985,7.498543336253878,966570,7.3743438720703125,0.12419946418356531,1,6.103515625e-05,16384
10101,23.225200165994465,50810245077,7.496631337571851,967479,7.381278991699219,0.11535234587263243,1,6.103515625e-05,16384
10201,23.42781929112971,51295916321,7.497522221376792,967277,7.379737854003906,0.11778436737288533,1,6.103515625e-05,16384
10301,23.637202750192955,51772570500,7.492229587728871,966690,7.3752593994140625,0.11697018831480843,1,6.103515625e-05,16384
10401,23.84490770800039,52248450922,7.493890123391461,965405,7.365455627441406,0.12843449595005474,1,6.103515625e-05,16384
10501,24.052732416195795,52723959736,7.495850910479248,965944,7.36956787109375,0.12628303938549834,1,6.103515625e-05,16384
10601,24.255632166052237,53195365411,7.486885293682079,964644,7.359649658203125,0.12723563547895367,1,6.103515625e-05,16384
10701,24.464601166080683,53667096780,7.482566962360279,964402,7.3578033447265625,0.12476361763371635,1,6.103515625e-05,16384
10801,24.67858250020072,54137527316,7.482878167356051,964740,7.360382080078125,0.12249608727792616,1,6.103515625e-05,16384
10901,24.883590375073254,54607391390,7.4796549587664405,964593,7.359260559082031,0.12039439968440924,1,6.103515625e-05,16384
11001,25.096477375132963,55081467182,7.480208544724286,965305,7.364692687988281,0.11551585673600506,1,6.103515625e-05,16384
11101,25.30696133314632,55557129968,7.478688100815308,965042,7.3626861572265625,0.1160019435887456,2,0.0001220703125,16383
11201,25.5184313331265,56030465810,7.484387429796936,967102,7.3784027099609375,0.10598471983599822,1,6.103515625e-05,16384
11301,25.72750462498516,56502777823,7.486304333104616,967344,7.3802490234375,0.1060553096671164,1,6.103515625e-05,16384
11401,25.9343630829826,56980141244,7.488228583400871,966691,7.375267028808594,0.1129615545922773,1,6.103515625e-05,16384
11501,26.14703012513928,57452383227,7.495327346697409,967037,7.377906799316406,0.11742054738100283,1,6.103515625e-05,16384
11601,26.357110291020945,57920154619,7.498593950824666,966154,7.3711700439453125,0.12742390687935323,1,6.103515625e-05,16384
11701,26.567649791017175,58392988803,7.496344679324566,966242,7.3718414306640625,0.12450324866050355,1,6.103515625e-05,16384
11801,26.775467333151028,58863631478,7.490935454594847,964839,7.361137390136719,0.1297980644581287,1,6.103515625e-05,16384
11901,26.97725616605021,59333551089,7.490387997504881,964458,7.3582305908203125,0.1321574066845681,1,6.103515625e-05,16384
12001,27.178394000045955,59803814474,7.488400759471437,964700,7.360076904296875,0.12832385517456224,1,6.103515625e-05,16384
12101,27.38751483312808,60284439689,7.490481011382235,965161,7.363594055175781,0.1268869562064534,1,6.103515625e-05,16384
12201,27.59176433319226,60763484644,7.492989661466325,964967,7.362113952636719,0.1308757088296062,1,6.103515625e-05,16384
12301,27.801328083034605,61245649976,7.491188911824171,963472,7.3507080078125,0.14048090401167102,1,6.103515625e-05,16384
12401,28.0087431659922,61730176431,7.495009199449552,964346,7.3573760986328125,0.13763310081673907,1,6.103515625e-05,16384
12501,28.22657408309169,62209651770,7.504971018115986,966746,7.3756866455078125,0.12928437260817383,1,6.103515625e-05,16384
12601,28.448301708092913,62710169900,7.504031221291278,965418,7.3655548095703125,0.1384764117209656,1,6.103515625e-05,16384
12701,28.665442625060678,63215233776,7.499116672341372,963348,7.349761962890625,0.1493547094507468,1,6.103515625e-05,16384
12801,28.87726983311586,63726430627,7.502938335541996,964841,7.361152648925781,0.14178568661621505,1,6.103515625e-05,16384
12901,29.092384375166148,64235742858,7.508065451208706,964645,7.359657287597656,0.14840816361104991,1,6.103515625e-05,16384
13001,29.303909791167825,64740739500,7.504529016495149,966238,7.3718109130859375,0.13271810340921153,1,6.103515625e-05,16384
13101,29.517310791183263,65240521280,7.507594858851503,966802,7.3761138916015625,0.1314809672499404,1,6.103515625e-05,16384
13201,29.730507250176743,65742197719,7.515166954621679,968359,7.387992858886719,0.12717409573496052,1,6.103515625e-05,16384
13301,29.945463082985952,66252618605,7.52283896895405,969373,7.395729064941406,0.12710990401264333,1,6.103515625e-05,16384
13401,30.16418862505816,66768996792,7.516019019835977,969079,7.393486022949219,0.12253299688675856,1,6.103515625e-05,16384
13501,30.38240808318369,67288153451,7.5109461070477135,968659,7.390281677246094,0.12066442980161973,1,6.103515625e-05,16384
13601,30.60061650001444,67803808463,7.515519515214391,968561,7.389533996582031,0.12598551863236018,1,6.103515625e-05,16384
13701,30.81760258320719,68328006429,7.512554372593634,966686,7.3752288818359375,0.1373254907576964,1,6.103515625e-05,16384
13801,31.035114458063617,68848623646,7.514152264717759,966768,7.3758544921875,0.138297772530259,1,6.103515625e-05,16384
13901,31.253476333105937,69373078704,7.511898630400275,965744,7.3680419921875,0.1438566382127746,1,6.103515625e-05,16384
14001,31.47981833317317,69894370729,7.513577044848974,964532,7.358795166015625,0.15478187883334904,1,6.103515625e-05,16384
14101,31.695636000018567,70411487204,7.525216592829969,966736,7.3756103515625,0.14960624126746858,1,6.103515625e-05,16384
14201,31.911630666116253,70924695265,7.5264647231398465,966406,7.3730926513671875,0.153372071772659,1,6.103515625e-05,16384
14301,32.13131716614589,71435432779,7.521548764995539,965830,7.3686981201171875,0.15285064487835154,1,6.103515625e-05,16384
14401,32.347963750129566,71952851790,7.523249193176998,968386,7.3881988525390625,0.1350503406379353,1,6.103515625e-05,16384
14501,32.57131129107438,72477770357,7.523345954950221,968203,7.386802673339844,0.13654328161037732,1,6.103515625e-05,16384
14601,32.79554520803504,73002273764,7.527584380497792,969139,7.393943786621094,0.1336405938766987,1,6.103515625e-05,16384
14701,33.0243006660603,73527703010,7.527046986295014,966285,7.372169494628906,0.15487749166610776,1,6.103515625e-05,16384
14801,33.25275087519549,74044117047,7.520774187862163,964416,7.35791015625,0.16286403161216256,1,6.103515625e-05,16384
14901,33.47260370803997,74554209202,7.5174796700223485,965635,7.367210388183594,0.15026928183875476,1,6.103515625e-05,16384
15001,33.68793175020255,75061314901,7.514155827073221,967150,7.3787689208984375,0.13538690617478366,1,6.103515625e-05,16384
15101,33.90881104115397,75577597937,7.5133936848966325,964782,7.3607025146484375,0.152691170248195,2,0.0001220703125,16383
15201,34.12902508303523,76090831537,7.509737992380927,965699,7.367698669433594,0.14203932294733335,1,6.103515625e-05,16384
15301,34.347718166187406,76603409143,7.5078599762179525,966158,7.3712005615234375,0.13665941469451504,1,6.103515625e-05,16384
15401,34.56624950002879,77115100552,7.4978882854686475,965374,7.3652191162109375,0.13266916925771,1,6.103515625e-05,16384
15501,34.77472416614182,77625637066,7.497714129517688,964866,7.3613433837890625,0.13637074572862584,1,6.103515625e-05,16384
15601,34.99536016606726,78133466391,7.491461505399324,964002,7.3547515869140625,0.13670991848526182,2,0.0001220703125,16383
15701,35.210928791202605,78638810671,7.487010278806859,963757,7.352882385253906,0.13412789355295285,1,6.103515625e-05,16384
15801,35.42723450018093,79150713874,7.482224266947919,963392,7.35009765625,0.1321266106979193,1,6.103515625e-05,16384
15901,35.64823916601017,79664245308,7.481962337302406,962786,7.3454742431640625,0.13648809413834329,1,6.103515625e-05,16384
16001,35.86815758305602,80181737497,7.484044544248304,963146,7.3482208251953125,0.13582371905299162,1,6.103515625e-05,16384
16101,36.08989429101348,80702318991,7.481622455175246,961608,7.33648681640625,0.1451356387689957,2,0.0001220703125,16383
16201,36.31205458310433,81221109317,7.4821748096274625,962012,7.339569091796875,0.1426057178305875,1,6.103515625e-05,16384
16301,36.53122983314097,81741558113,7.490474880361672,962700,7.344818115234375,0.1456567651272973,1,6.103515625e-05,16384
16401,36.74829641613178,82258543500,7.492096490295087,963213,7.348731994628906,0.14336449566618104,1,6.103515625e-05,16384
16501,36.96970200003125,82782181295,7.501300639025448,965315,7.364768981933594,0.13653165709185444,1,6.103515625e-05,16384
16601,37.19257666612975,83310836580,7.5024655277009105,964602,7.3593292236328125,0.14313630406809796,1,6.103515625e-05,16384
16701,37.41979054105468,83841928383,7.502744365749833,964069,7.355262756347656,0.1474816094021767,1,6.103515625e-05,16384
16801,37.64025745820254,84372354718,7.499226842960662,963675,7.352256774902344,0.14697006805831858,1,6.103515625e-05,16384
16901,37.86337670800276,84909910565,7.5022968262410465,964716,7.360198974609375,0.14209785163167155,1,6.103515625e-05,16384
17001,38.08566291606985,85454594265,7.509204453363276,965877,7.369056701660156,0.14014775170312,1,6.103515625e-05,16384
17101,38.309584791073576,85998888595,7.51165880998416,965211,7.363975524902344,0.1476832850818166,1,6.103515625e-05,16384
17201,38.531313750194386,86534445028,7.516491383166854,965434,7.3656768798828125,0.15081450328404156,1,6.103515625e-05,16384
17301,38.75606366619468,87064697167,7.511691183518327,964409,7.357856750488281,0.1538344330300454,1,6.103515625e-05,16384
17401,38.98589270818047,87599168882,7.512304553415758,963744,7.352783203125,0.15952135029075798,1,6.103515625e-05,16384
17501,39.212564249988645,88131660597,7.514247454482212,964605,7.359352111816406,0.15489534266580574,1,6.103515625e-05,16384
17601,39.43154191598296,88662392663,7.520632960228117,965737,7.367988586425781,0.1526443738023353,1,6.103515625e-05,16384
17701,39.65316666616127,89188986983,7.52192523473376,964491,7.358482360839844,0.1634428738939162,1,6.103515625e-05,16384
17801,39.873379541095346,89718300688,7.523871201658686,966792,7.37603759765625,0.14783360400243595,1,6.103515625e-05,16384
17901,40.09536575013772,90242427471,7.528518813665773,966378,7.3728790283203125,0.15563978534546052,1,6.103515625e-05,16384
18001,40.31630300008692,90767971780,7.525908482437856,967094,7.3783416748046875,0.14756680763316865,1,6.103515625e-05,16384
18101,40.533936333144084,91292703305,7.5324552212491875,966501,7.373817443847656,0.1586377774015313,1,6.103515625e-05,16384
18201,40.75164954108186,91820486008,7.529979914874833,965835,7.368736267089844,0.161243647784989,1,6.103515625e-05,16384
18301,40.97139245807193,92345370399,7.522258592473886,965449,7.365791320800781,0.1564672716731046,1,6.103515625e-05,16384
18401,41.19128966610879,92864139245,7.522755457533851,966568,7.37432861328125,0.1484268442526009,1,6.103515625e-05,16384
18501,41.40393525012769,93384701750,7.523796658345127,967674,7.3827667236328125,0.1410299347123143,1,6.103515625e-05,16384
18601,41.620728333014995,93905985205,7.520510820788659,967004,7.377655029296875,0.14285579149178407,1,6.103515625e-05,16384
18701,41.835549041163176,94440854822,7.519469250340933,965548,7.366546630859375,0.15292261948155783,1,6.103515625e-05,16384
18801,42.05788187519647,94985596237,7.513432792502159,964142,7.3558197021484375,0.1576130903537214,1,6.103515625e-05,16384
18901,42.285897333174944,95543489367,7.512191224309033,964632,7.35955810546875,0.1526331188402832,1,6.103515625e-05,16384
19001,42.51151304109953,96095275562,7.511984872262012,964898,7.3615875244140625,0.15039734784794945,1,6.103515625e-05,16384
19101,42.73868687520735,96645064519,7.514394953864086,966406,7.3730926513671875,0.14130230249689824,1,6.103515625e-05,16384
19201,42.963000875199214,97195920893,7.515015242813086,967450,7.3810577392578125,0.13395750355527358,1,6.103515625e-05,16384
19301,43.18990216613747,97757768152,7.517282855219568,966923,7.377037048339844,0.1402458068797241,2,0.0001220703125,16383
19401,43.427457666024566,98329446235,7.516360624392287,966991,7.377555847167969,0.13880477722431817,1,6.103515625e-05,16384
19501,43.65596929099411,98915701372,7.524899967830523,967579,7.382041931152344,0.1428580366781791,1,6.103515625e-05,16384
19601,43.89778858306818,99516261545,7.521413612202521,965755,7.368125915527344,0.15328769667517683,1,6.103515625e-05,16384
19701,44.133471416076645,100113439592,7.519513816145726,964692,7.360015869140625,0.159497947005101,1,6.103515625e-05,16384
19801,44.36325216619298,100711076804,7.524575486896133,966226,7.3717193603515625,0.15285612654457026,1,6.103515625e-05,16384
19901,44.597874500090256,101301072215,7.514628479919543,963340,7.349700927734375,0.1649275521851683,1,6.103515625e-05,16384
20001,44.83211408299394,101889802195,7.518179665725109,964012,7.354827880859375,0.16335178486573376,1,6.103515625e-05,16384
20101,45.0712162500713,102474054519,7.516211399476294,964044,7.355072021484375,0.16113937799191902,1,6.103515625e-05,16384
20201,45.306348416022956,103057444556,7.522700835740915,966199,7.371513366699219,0.15118746904169633,1,6.103515625e-05,16384
20301,45.53868545801379,103643605557,7.516221547266571,965984,7.369873046875,0.14634850039157143,1,6.103515625e-05,16384
20401,45.769230582984164,104226178286,7.519408659254566,966742,7.3756561279296875,0.14375253132487842,1,6.103515625e-05,16384
20501,45.99950245814398,104809913294,7.519454257432092,966424,7.37322998046875,0.14622427696334217,1,6.103515625e-05,16384
20601,46.224789375206456,105394131390,7.518571257891287,966437,7.373329162597656,0.1452420952936304,1,6.103515625e-05,16384
20701,46.45673545799218,105978459440,7.518022360079627,965820,7.368621826171875,0.14940053390775176,1,6.103515625e-05,16384
20801,46.67841799999587,106557241890,7.5257847876371295,967631,7.382438659667969,0.1433461279691608,1,6.103515625e-05,16384
20901,46.900158166186884,107124421002,7.520278646024471,967428,7.380889892578125,0.1393887534463456,1,6.103515625e-05,16384
21001,47.12804937502369,107697844709,7.51277544468144,965698,7.3676910400390625,0.14508440464237715,1,6.103515625e-05,16384
21101,47.353360790992156,108277783273,7.515094296620456,966679,7.375175476074219,0.13991882054623694,1,6.103515625e-05,16384
21201,47.579831541050225,108853584614,7.514788026943005,967870,7.3842620849609375,0.1305259419820679,1,6.103515625e-05,16384
21301,47.80387745820917,109416272052,7.518798474036507,968288,7.387451171875,0.13134730216150725,1,6.103515625e-05,16384
21401,48.02563079120591,109974504237,7.515894072544549,969675,7.398033142089844,0.11786093045470558,1,6.103515625e-05,16384
21501,48.2471426660195,110529803174,7.513977782529046,969695,7.398185729980469,0.11579205254857694,1,6.103515625e-05,16384
21601,48.46870895801112,111083805224,7.514634195265872,968973,7.392677307128906,0.1219568881369657,1,6.103515625e-05,16384
21701,48.68715524999425,111649728589,7.514743664552524,966784,7.3759765625,0.1387671020525243,1,6.103515625e-05,16384
21801,48.90999983320944,112209850699,7.5141221795751605,966915,7.376976013183594,0.13714616639156674,1,6.103515625e-05,16384
21901,49.14095850009471,112765606730,7.513539195960403,967693,7.382911682128906,0.13062751383149696,1,6.103515625e-05,16384
22001,49.36459241621196,113319624784,7.508445433047376,967917,7.384620666503906,0.12382476654346952,1,6.103515625e-05,16384
22101,49.58399458299391,113869889987,7.512992462912445,967043,7.377952575683594,0.13503988722885119,2,0.0001220703125,16383
22201,49.81457812502049,114422773936,7.518916783393948,969835,7.399253845214844,0.11966293817910412,1,6.103515625e-05,16384
22301,50.039343875134364,114977444578,7.516671330683115,969960,7.40020751953125,0.11646381115186522,1,6.103515625e-05,16384
22401,50.26297125010751,115528606997,7.515064018338808,968589,7.389747619628906,0.1253163987099022,1,6.103515625e-05,16384
22501,50.48972479114309,116082602231,7.515466290784907,967514,7.3815460205078125,0.13392027027709474,1,6.103515625e-05,16384
22601,50.708169458201155,116627456755,7.511562199710015,966841,7.376411437988281,0.13515076172173401,1,6.103515625e-05,16384
22701,50.932057625148445,117171851472,7.509033800966817,967457,7.381111145019531,0.1279226559472857,1,6.103515625e-05,16384
22801,51.14932145806961,117712135074,7.514346219877327,967758,7.3834075927734375,0.13093862710388926,1,6.103515625e-05,16384
22901,51.36912908311933,118244875540,7.511266105919692,966148,7.371124267578125,0.14014183834156668,1,6.103515625e-05,16384
23001,51.58862900012173,118776699777,7.509286265800524,965748,7.368072509765625,0.14121375603489916,1,6.103515625e-05,16384
23101,51.80588433309458,119315840905,7.508399704319494,966904,7.37689208984375,0.1315076144757441,1,6.103515625e-05,16384
23201,52.02227449999191,119851785110,7.512188778031263,967801,7.383735656738281,0.12845312129298136,1,6.103515625e-05,16384
23301,52.245844500139356,120391806162,7.51616557408276,969048,7.39324951171875,0.12291606236400998,2,0.0001220703125,16383
23401,52.46857325010933,120929675390,7.5066662869050775,968305,7.387580871582031,0.11908541532304628,1,6.103515625e-05,16384
23501,52.70162554108538,121479069296,7.507832269356778,968540,7.389373779296875,0.11845849005990328,1,6.103515625e-05,16384
23601,52.92623954103328,122036826585,7.501965015797602,964285,7.356910705566406,0.14505431023119542,1,6.103515625e-05,16384
23701,53.167602125089616,122598959704,7.5060652075796215,966032,7.3702392578125,0.13582594976712148,1,6.103515625e-05,16384
23801,53.406788958003744,123165990970,7.507536498137545,965558,7.3666229248046875,0.14091357333285792,1,6.103515625e-05,16384
23901,53.6356602080632,123726769974,7.513997788707229,967524,7.381622314453125,0.13237547425410412,1,6.103515625e-05,16384
24001,53.86767004104331,124292745752,7.523818494018448,968681,7.390449523925781,0.13336897009266657,1,6.103515625e-05,16384
24101,54.10811366606504,124861100155,7.530892926690513,970309,7.402870178222656,0.1280227484678571,1,6.103515625e-05,16384
24201,54.348139458103105,125426235834,7.527551735286169,970111,7.401359558105469,0.12619217718069997,1,6.103515625e-05,16384
24301,54.58275725017302,125984609114,7.533409426365188,970416,7.4036865234375,0.1297229029276883,1,6.103515625e-05,16384
24401,54.8202428331133,126541784440,7.533034123682491,969956,7.400177001953125,0.1328571217293657,1,6.103515625e-05,16384
24501,55.05891583301127,127105035694,7.531184342895578,969352,7.39556884765625,0.13561549523932825,1,6.103515625e-05,16384
24601,55.305681250058115,127661482494,7.537289158194625,970071,7.401054382324219,0.1362347758704061,1,6.103515625e-05,16384
24701,55.53100808314048,128214999411,7.535925301972203,969421,7.396095275878906,0.1398300260932963,1,6.103515625e-05,16384
24801,55.7433877910953,128763842375,7.5366701703918695,970146,7.4016265869140625,0.13504358347780698,1,6.103515625e-05,16384
24901,55.97084550000727,129312265537,7.535950500056799,970382,7.4034271240234375,0.13252337603336173,1,6.103515625e-05,16384
25001,56.199140458134934,129874111680,7.539201257344406,971893,7.414955139160156,0.12424611818424935,1,6.103515625e-05,16384
25101,56.42226016614586,130430284107,7.536971333912277,969994,7.4004669189453125,0.1365044149669643,1,6.103515625e-05,16384
25201,56.64980062516406,130977594092,7.53545804400701,971154,7.4093170166015625,0.1261410274054473,1,6.103515625e-05,16384
25301,56.87491425010376,131526952970,7.532056778432095,970000,7.4005126953125,0.13154408311959465,1,6.103515625e-05,16384
25401,57.09619029099122,132080878605,7.527992230310309,969673,7.398017883300781,0.1299743470095276,1,6.103515625e-05,16384
25501,57.31958424998447,132633397921,7.526230912965807,968375,7.388114929199219,0.13811598376658818,1,6.103515625e-05,16384
25601,57.54299066611566,133183864534,7.523243128486121,968378,7.3881378173828125,0.1351053111033087,1,6.103515625e-05,16384
25701,57.76661975006573,133727682812,7.5236163397253355,968081,7.385871887207031,0.13774445251830425,1,6.103515625e-05,16384
25801,57.99452033312991,134280056280,7.522298288249938,967863,7.384208679199219,0.1380896090507191,1,6.103515625e-05,16384
25901,58.22111375001259,134830960637,7.520924629783764,967807,7.383781433105469,0.137143196678295,1,6.103515625e-05,16384
26001,58.44793562521227,135383042279,7.515716924150416,966405,7.373085021972656,0.14263190217775978,1,6.103515625e-05,16384
26101,58.676346416119486,135939559150,7.515392233153024,966760,7.37579345703125,0.1395987761217743,1,6.103515625e-05,16384
26201,58.91304587502964,136503876988,7.513326397748534,964667,7.359825134277344,0.15350126347119009,1,6.103515625e-05,16384
26301,59.156893166014925,137080011399,7.510810659025166,965657,7.367378234863281,0.14343242416188495,1,6.103515625e-05,16384
26401,59.388201291207224,137659183490,7.516662025550282,965599,7.366935729980469,0.14972629556981332,1,6.103515625e-05,16384
26501,59.61647912510671,138226042014,7.516886459126295,964909,7.361671447753906,0.15521501137238847,1,6.103515625e-05,16384
26601,59.8436527911108,138791272154,7.518406395646535,963894,7.3539276123046875,0.1644787833418473,1,6.103515625e-05,16384
26701,60.07498841616325,139363460868,7.523294559474684,964699,7.360069274902344,0.16322528457234053,1,6.103515625e-05,16384
26801,60.31954504107125,139941927586,7.523639436819643,964121,7.355659484863281,0.16797995195636162,1,6.103515625e-05,16384
26901,60.55688529112376,140522301512,7.527406043360365,965077,7.362953186035156,0.16445285732520887,1,6.103515625e-05,16384
27001,60.78405550005846,141097595765,7.528077725053208,963991,7.354667663574219,0.17341006147898952,1,6.103515625e-05,16384
27101,61.01316700014286,141671041902,7.526085844392146,964903,7.361625671386719,0.16446017300542692,1,6.103515625e-05,16384
27201,61.246504333103076,142247142576,7.5303724372428995,964990,7.3622894287109375,0.168083008531962,1,6.103515625e-05,16384
27301,61.47994116600603,142828673496,7.5354539691876345,965571,7.366722106933594,0.1687318622540408,1,6.103515625e-05,16384
27401,61.709182208171114,143405389752,7.536877770677993,967875,7.384300231933594,0.15257753874439928,1,6.103515625e-05,16384
27501,61.932996166171506,143974851534,7.534957124600609,966587,7.374473571777344,0.16048355282326554,2,0.0001220703125,16383
27601,62.157736708177254,144547221913,7.534829349523049,965825,7.368659973144531,0.1661693763785177,1,6.103515625e-05,16384
27701,62.379673375049606,145111679718,7.537335700820099,965963,7.369712829589844,0.16762287123025565,1,6.103515625e-05,16384
27801,62.60661029117182,145659057616,7.540245512745563,966829,7.376319885253906,0.16392562749165673,1,6.103515625e-05,16384
27901,62.83502575010061,146210898544,7.529476028430208,964688,7.3599853515625,0.16949067686770825,1,6.103515625e-05,16384
28001,63.06181775010191,146759472963,7.5292530022133,965805,7.368507385253906,0.16074561695939416,1,6.103515625e-05,16384
28101,63.28303495817818,147320225097,7.527392219670114,964978,7.3621978759765625,0.16519434369355146,1,6.103515625e-05,16384
28201,63.506402500206605,147885725223,7.528263140785155,965350,7.3650360107421875,0.16322713004296752,1,6.103515625e-05,16384
28301,63.73498370801099,148455515657,7.528325114222573,965492,7.366119384765625,0.16220572945694833,1,6.103515625e-05,16384
28401,63.96151204104535,149036785089,7.52920241966549,965937,7.369514465332031,0.1596879543334584,1,6.103515625e-05,16384
28501,64.1875009580981,149621590999,7.52572343820215,965564,7.366668701171875,0.15905473703027528,1,6.103515625e-05,16384
28601,64.41256500012241,150199108453,7.524569383850322,966561,7.374275207519531,0.15029417633079056,1,6.103515625e-05,16384
28701,64.63366837520152,150774780989,7.520133423978432,965944,7.36956787109375,0.15056555288468232,1,6.103515625e-05,16384
28801,64.85981329111382,151348095636,7.517205758842808,966636,7.374847412109375,0.14235834673343284,1,6.103515625e-05,16384
28901,65.08414937509224,151928767540,7.513565524278844,964292,7.356964111328125,0.15660141295071917,1,6.103515625e-05,16384
29001,65.31239800015464,152503474746,7.517884708822789,966976,7.37744140625,0.14044330257278936,2,0.0001220703125,16383
29101,65.54473579116166,153075841229,7.52341766042584,968319,7.387687683105469,0.13572997732037084,1,6.103515625e-05,16384
29201,65.768762125168,153646906670,7.52359128036665,967987,7.385154724121094,0.13843655624555584,1,6.103515625e-05,16384
29301,65.99397520814091,154213535230,7.524626755631722,968298,7.3875274658203125,0.13709928981140962,1,6.103515625e-05,16384
29401,66.21320975013077,154777586637,7.529235696100316,969177,7.394233703613281,0.1350019924870347,1,6.103515625e-05,16384
29501,66.4393212501891,155354983230,7.531440511619371,969020,7.393035888671875,0.13840462294749578,1,6.103515625e-05,16384
29601,66.66437016613781,155934674872,7.532243042068751,968820,7.391510009765625,0.1407330323031264,1,6.103515625e-05,16384
29701,66.88859450002201,156509218576,7.52479611623234,966213,7.371620178222656,0.15317593800968332,2,0.0001220703125,16383
29801,67.11542983306572,157089923582,7.532927150176729,966856,7.37652587890625,0.15640127127047876,1,6.103515625e-05,16384
29901,67.34014787501656,157665056252,7.533509348232164,966698,7.3753204345703125,0.15818891366185106,1,6.103515625e-05,16384
30001,67.55882016615942,158229379762,7.530788832176926,967408,7.3807373046875,0.15005152748942585,1,6.103515625e-05,16384
30101,67.7823172910139,158796152271,7.5310575910599935,967055,7.378044128417969,0.15301346264202476,1,6.103515625e-05,16384
30201,68.01094125001691,159362518528,7.527238626145269,965360,7.3651123046875,0.16212632145776862,1,6.103515625e-05,16384
30301,68.24614954111166,159927723489,7.5229559218869255,965497,7.366157531738281,0.15679839014864427,1,6.103515625e-05,16384
30401,68.47227225010283,160487255140,7.515457139383258,964577,7.359138488769531,0.15631865061372707,1,6.103515625e-05,16384
30501,68.69995550019667,161050025606,7.5149589265676315,966064,7.3704833984375,0.14447552813013154,1,6.103515625e-05,16384
30601,68.92347504105419,161615285530,7.507563092111918,964974,7.3621673583984375,0.1453957337134808,1,6.103515625e-05,16384
30701,69.14779954100959,162182325241,7.511115483373425,965763,7.368186950683594,0.1429285326898313,1,6.103515625e-05,16384
30801,69.37352212518454,162747111307,7.516509416940034,966189,7.371437072753906,0.14507234418612747,1,6.103515625e-05,16384
30901,69.601620541187,163311011823,7.517952643361683,965867,7.368980407714844,0.14897223564683948,1,6.103515625e-05,16384
31001,69.82640983304009,163879094266,7.5176793249653935,964195,7.356224060058594,0.16145526490679973,2,0.0001220703125,16383
31101,70.05131262517534,164454379809,7.525156061700046,965969,7.369758605957031,0.15539745574301467,1,6.103515625e-05,16384
31201,70.27405995805748,165019111648,7.535955545240467,968271,7.387321472167969,0.14863407307249865,1,6.103515625e-05,16384
31301,70.50474450015463,165587634197,7.530192355066912,966719,7.375480651855469,0.15471170321144356,1,6.103515625e-05,16384
31401,70.73341962508857,166152624758,7.527961069379954,966973,7.377418518066406,0.15054255131354743,1,6.103515625e-05,16384
31501,70.96053754119202,166714255227,7.529799087395302,967704,7.38299560546875,0.14680348192655224,1,6.103515625e-05,16384
31601,71.1921426251065,167287197433,7.5275562935051425,966580,7.374420166015625,0.15313612748951755,1,6.103515625e-05,16384
31701,71.42578841606155,167857711468,7.531027811268675,968247,7.387138366699219,0.14388944456945651,1,6.103515625e-05,16384
31801,71.66176550020464,168418519874,7.526416078113449,967438,7.3809661865234375,0.14544989159001176,1,6.103515625e-05,16384
31901,71.90605375007726,168990920469,7.526139388175627,966923,7.377037048339844,0.14910233983578358,1,6.103515625e-05,16384
32001,72.14111375017092,169572652253,7.525727662994506,966974,7.3774261474609375,0.14830151553356874,1,6.103515625e-05,16384
32101,72.37826808309183,170151211187,7.527269159213484,966312,7.37237548828125,0.15489367093223372,1,6.103515625e-05,16384
32201,72.61794650019147,170732308592,7.5346003922345055,967282,7.3797760009765625,0.154824391257943,1,6.103515625e-05,16384
32301,72.85893054120243,171314235139,7.530595991462684,967337,7.380195617675781,0.15040037378690307,1,6.103515625e-05,16384
32401,73.10491433320567,171901765082,7.528239495613778,966130,7.3709869384765625,0.1572525571372152,1,6.103515625e-05,16384
32501,73.34911908302456,172491569398,7.528410588294494,966058,7.3704376220703125,0.15797296622418155,1,6.103515625e-05,16384
32601,73.60276595805772,173080101601,7.531435359533495,965927,7.369438171386719,0.16199718814677588,1,6.103515625e-05,16384
32701,73.84380020806566,173672083083,7.532655550931667,965671,7.367485046386719,0.16517050454494786,1,6.103515625e-05,16384
32801,74.08740525017492,174261475387,7.531986707733834,964932,7.361846923828125,0.17013978390570905,1,6.103515625e-05,16384
32901,74.32034216611646,174850770750,7.535220459097663,965738,7.3679962158203125,0.1672242432773503,1,6.103515625e-05,16384
33001,74.55154391610995,175443172586,7.535108916357232,965036,7.362640380859375,0.172468535497857,1,6.103515625e-05,16384
33101,74.78158762515523,176032444402,7.53861894504759,964764,7.360565185546875,0.178053759500715,1,6.103515625e-05,16384
33201,75.00769529119134,176614135068,7.526357280249144,963749,7.352821350097656,0.1735359301514876,1,6.103515625e-05,16384
33301,75.24014837504365,177190419956,7.516709392533254,963687,7.352348327636719,0.16436106489653568,1,6.103515625e-05,16384
33401,75.47580754105002,177771783816,7.507964882219565,963304,7.34942626953125,0.15853861268831526,1,6.103515625e-05,16384
33501,75.71463095815852,178366134437,7.5041569543458655,962770,7.3453521728515625,0.158804781494303,1,6.103515625e-05,16384
33601,75.94591408316046,178962724104,7.506204935340427,962856,7.34600830078125,0.16019663455917676,1,6.103515625e-05,16384
33701,76.17458595801145,179553700407,7.509806491947334,964764,7.360565185546875,0.14924130640045874,1,6.103515625e-05,16384
33801,76.40518600004725,180150329567,7.50926493110792,965315,7.364768981933594,0.14449594917432584,1,6.103515625e-05,16384
33901,76.64004229102284,180740441948,7.507945287508494,965876,7.369049072265625,0.13889621524286877,1,6.103515625e-05,16384
34001,76.8769664161373,181321292934,7.503925004297844,965451,7.365806579589844,0.13811842470799984,1,6.103515625e-05,16384
34101,77.11026129103266,181908144356,7.492877079450265,965973,7.369789123535156,0.1230879559151088,1,6.103515625e-05,16384
34201,77.34573533316143,182496459759,7.493705767716124,966321,7.372444152832031,0.1212616148840926,1,6.103515625e-05,16384
34301,77.58239929098636,183084999000,7.484791899493132,965138,7.3634185791015625,0.12137332039156945,1,6.103515625e-05,16384
34401,77.81497175013646,183657178452,7.484483114976476,964074,7.3553009033203125,0.12918221165616384,1,6.103515625e-05,16384
34501,78.0492558751721,184229958166,7.47999889689694,964152,7.35589599609375,0.12410290080318997,1,6.103515625e-05,16384
34601,78.27900116611272,184796473059,7.480004794972331,965301,7.364662170410156,0.11534262456217448,1,6.103515625e-05,16384
34701,78.51289979112335,185363174082,7.47864759776388,965785,7.368354797363281,0.11029280040059852,1,6.103515625e-05,16384
34801,78.74420154117979,185924633606,7.481766707586354,966259,7.371971130371094,0.10979557721526056,1,6.103515625e-05,16384
34901,78.97094762511551,186470286864,7.48895432803991,968343,7.387870788574219,0.10108353946569082,1,6.103515625e-05,16384
35001,79.19550537504256,187017415504,7.493660457421032,967636,7.382476806640625,0.11118365078040693,1,6.103515625e-05,16384
35101,79.41931816609576,187564230292,7.495226068439686,967795,7.383689880371094,0.11153618806859189,1,6.103515625e-05,16384
35201,79.63973129098304,188112543573,7.502135445111843,967936,7.384765625,0.11736982011184338,1,6.103515625e-05,16384
35301,79.87011104100384,188660739825,7.509431810090295,968766,7.3910980224609375,0.11833378762935709,1,6.103515625e-05,16384
35401,80.09703887510113,189200941966,7.506955835887858,967201,7.379158020019531,0.12779781586832684,1,6.103515625e-05,16384
35501,80.31969637516886,189732705759,7.514570422138787,968612,7.389923095703125,0.12464732643566201,2,0.0001220703125,16383
35601,80.54555337503552,190261011596,7.51739124462215,970174,7.4018402099609375,0.11555103466121253,1,6.103515625e-05,16384
35701,80.76826320798136,190781890021,7.5139164951313,968845,7.391700744628906,0.1222157505023942,1,6.103515625e-05,16384
35801,80.99049112503417,191302776969,7.515757900040265,970278,7.4026336669921875,0.11312423304807773,1,6.103515625e-05,16384
35901,81.20763349998742,191824834289,7.51391773158821,970688,7.40576171875,0.10815601283820975,1,6.103515625e-05,16384
36001,81.42268216609955,192339433559,7.5097496495641245,969915,7.399864196777344,0.10988545278678075,1,6.103515625e-05,16384
36101,81.63876545801759,192850983855,7.506482856032676,969330,7.3954010009765625,0.11108185505611345,1,6.103515625e-05,16384
36201,81.86096499999985,193366603450,7.504211617516335,967570,7.3819732666015625,0.1222383509147722,2,0.0001220703125,16383
36301,82.08440270810388,193884248475,7.5018069702290795,968033,7.385505676269531,0.11630129395954825,1,6.103515625e-05,16384
36401,82.30757695809007,194407015655,7.505441765807299,966956,7.377288818359375,0.12815294744792372,1,6.103515625e-05,16384
36501,82.5291382081341,194934055862,7.510109703116907,968173,7.386573791503906,0.12353591161300059,1,6.103515625e-05,16384
36601,82.75222558318637,195463949299,7.510776199483127,967544,7.38177490234375,0.1290012971393768,1,6.103515625e-05,16384
36701,82.96823112503625,195991336969,7.518317351349078,968890,7.3920440673828125,0.12627328396626591,1,6.103515625e-05,16384
36801,83.1838559161406,196514098194,7.525291055261356,968995,7.392845153808594,0.13244590145276192,1,6.103515625e-05,16384
36901,83.40068533318117,197037463648,7.525293467981989,969409,7.396003723144531,0.12928974483745748,1,6.103515625e-05,16384
37001,83.6120492911432,197562601916,7.527788640030542,969883,7.399620056152344,0.12816858387819785,1,6.103515625e-05,16384
37101,83.83140404103324,198091267478,7.5303954736004375,970791,7.406547546386719,0.12384792721371873,1,6.103515625e-05,16384
37201,84.04745816602372,198622319612,7.531927649864404,972072,7.41632080078125,0.11560684908315366,1,6.103515625e-05,16384
37301,84.26323737506755,199156405403,7.5345353187310575,971385,7.411079406738281,0.12345591199277628,1,6.103515625e-05,16384
37401,84.47379070799798,199694945169,7.5360902875638045,971023,7.408317565917969,0.12777272164583575,1,6.103515625e-05,16384
37501,84.69058291614056,200234154488,7.530028279326608,969263,7.394889831542969,0.13513844778363904,1,6.103515625e-05,16384
37601,84.90968704107217,200771274799,7.525292382031219,968256,7.38720703125,0.13808535078121942,2,0.0001220703125,16383
37701,85.12433670810424,201317208192,7.523962026916976,966105,7.370796203613281,0.153165823303695,1,6.103515625e-05,16384
37801,85.3459422911983,201865097591,7.517876822277174,965953,7.369636535644531,0.14824028663264244,1,6.103515625e-05,16384
37901,85.5661300830543,202413548107,7.518275901646781,966204,7.371551513671875,0.14672438797490628,1,6.103515625e-05,16384
38001,85.78906316612847,202959525971,7.5028628439108624,963849,7.353584289550781,0.1492785543600812,1,6.103515625e-05,16384
38101,86.00706191617064,203511753555,7.500054598233476,961912,7.33880615234375,0.16124844588972564,2,0.0001220703125,16383
38201,86.22560445801355,204061456971,7.497141858242346,961440,7.335205078125,0.1619367801173457,2,0.0001220703125,16383
38301,86.44442220800556,204613624095,7.491259404700335,961232,7.3336181640625,0.1576412406378349,1,6.103515625e-05,16384
38401,86.66058037499897,205165632081,7.490317311619696,962125,7.340431213378906,0.14988609824079013,1,6.103515625e-05,16384
38501,86.8832680832129,205714206806,7.484093709785329,961939,7.339012145996094,0.1450815637892351,1,6.103515625e-05,16384
38601,87.10361670819111,206264744437,7.4906128351550585,963846,7.3535614013671875,0.137051433787871,1,6.103515625e-05,16384
38701,87.32578120799735,206817122501,7.496923906263138,964738,7.3603668212890625,0.1365570849740756,1,6.103515625e-05,16384
38801,87.54641808313318,207363650973,7.496443863885032,964260,7.356719970703125,0.13972389318190714,2,0.0001220703125,16383
38901,87.76712870807387,207898709922,7.505932112148692,964227,7.356468200683594,0.14946391146509796,1,6.103515625e-05,16384
39001,87.97941275010817,208420119099,7.504582798644127,962639,7.344352722167969,0.16023007647615817,1,6.103515625e-05,16384
39101,88.19355458300561,208934645787,7.4908039069747,959042,7.3169097900390625,0.17389411693563783,1,6.103515625e-05,16384
39201,88.40853566606529,209452564049,7.486440217899399,957662,7.3063812255859375,0.18005899231346145,1,6.103515625e-05,16384
39301,88.62573341606185,209977229331,7.497663447108081,959872,7.3232421875,0.1744212596080814,1,6.103515625e-05,16384
39401,88.84146662498824,210502665298,7.500256920735486,961641,7.336738586425781,0.16351833430970508,1,6.103515625e-05,16384
39501,89.0586010410916,211026047161,7.497228132054329,960790,7.3302459716796875,0.16698216037464153,1,6.103515625e-05,16384
39601,89.27382145798765,211540428054,7.495563032127796,961796,7.337921142578125,0.15764188954967118,1,6.103515625e-05,16384
39701,89.48877200018615,212053359815,7.494921548124302,962698,7.3448028564453125,0.1501186916789896,1,6.103515625e-05,16384
39801,89.70185925019905,212574015354,7.495528093462791,964052,7.355133056640625,0.1403950368221656,1,6.103515625e-05,16384
39901,89.91631020815112,213094875442,7.479996360319967,961173,7.333168029785156,0.14682833053481037,1,6.103515625e-05,16384
40001,90.1305693751201,213618269819,7.47586659966464,960649,7.329170227050781,0.14669637261385837,1,6.103515625e-05,16384
40101,90.34553208318539,214138983694,7.476886204038389,961812,7.338043212890625,0.13884299114776422,2,0.0001220703125,16383
40201,90.56210712506436,214651788825,7.482496251923662,962232,7.34124755859375,0.14124869332991175,1,6.103515625e-05,16384
40301,90.78517837519757,215156308327,7.485210240261964,962622,7.3442230224609375,0.14098721780102608,1,6.103515625e-05,16384
40401,91.00485991616733,215653962446,7.479101282606316,962341,7.342079162597656,0.13702212000865988,1,6.103515625e-05,16384
40501,91.2260613751132,216153063777,7.484001893168795,965466,7.3659210205078125,0.11808087266098255,1,6.103515625e-05,16384
40601,91.4361357500311,216643000796,7.488510510169783,966608,7.3746337890625,0.11387672110728264,1,6.103515625e-05,16384
40701,91.64560137502849,217126728023,7.485492569582768,966756,7.375762939453125,0.10972963012964332,1,6.103515625e-05,16384
40801,91.85234050010331,217603566315,7.480494593473698,965430,7.3656463623046875,0.11484823116901044,1,6.103515625e-05,16384
40901,92.05940316617489,218066053691,7.4847615884106045,965810,7.3685455322265625,0.11621605618404196,1,6.103515625e-05,16384
41001,92.26535308314487,218532685432,7.490356373949437,966408,7.37310791015625,0.11724846379318699,1,6.103515625e-05,16384
41101,92.4691439580638,219002748498,7.487175806306475,965586,7.3668365478515625,0.12033925845491211,1,6.103515625e-05,16384
41201,92.67636491614394,219472716459,7.4919679726208095,966512,7.3739013671875,0.11806660543330949,1,6.103515625e-05,16384
41301,92.88259862503037,219945774733,7.499638679452698,966954,7.3772735595703125,0.12236511988238519,1,6.103515625e-05,16384
41401,93.08473945804872,220412172558,7.49876639341577,965494,7.3661346435546875,0.1326317498610825,1,6.103515625e-05,16384
41501,93.28990125004202,220886181954,7.507798868865188,966521,7.373970031738281,0.13382883712690674,1,6.103515625e-05,16384
41601,93.49550454108976,221355234594,7.5043559138813585,965875,7.369041442871094,0.13531447101026473,1,6.103515625e-05,16384
41701,93.70017600012943,221822928437,7.501829275236154,963987,7.354637145996094,0.14719212924005998,1,6.103515625e-05,16384
41801,93.91303420811892,222292833649,7.502395798899874,963930,7.3542022705078125,0.14819352839206168,1,6.103515625e-05,16384
41901,94.12555087520741,222777019272,7.506355264681857,965211,7.363975524902344,0.14237973977951324,1,6.103515625e-05,16384
42001,94.34499295800924,223267989581,7.5085219740039975,965488,7.3660888671875,0.14243310681649746,1,6.103515625e-05,16384
42101,94.55937000014819,223764218933,7.5149915550759445,966215,7.371635437011719,0.14335611806422577,1,6.103515625e-05,16384
42201,94.77356041618623,224256267064,7.518552024291111,966785,7.375984191894531,0.14256783239657977,1,6.103515625e-05,16384
42301,94.98651708313264,224750547258,7.516708684409537,967105,7.378425598144531,0.13828308626500618,1,6.103515625e-05,16384
42401,95.19939391617663,225237974478,7.521026068968402,967637,7.382484436035156,0.1385416329332454,1,6.103515625e-05,16384
42501,95.40789841604419,225724336933,7.520786650149276,967522,7.3816070556640625,0.13917959448521344,2,0.0001220703125,16383
42601,95.61763270804659,226211244797,7.517642786918868,966910,7.3769378662109375,0.14070492070793073,1,6.103515625e-05,16384
42701,95.83286337507889,226709788052,7.527806911411858,967981,7.385108947753906,0.14269796365795173,2,0.0001220703125,16383
42801,96.05076037510298,227213430621,7.52953875090982,968493,7.389015197753906,0.14052355315591392,1,6.103515625e-05,16384
42901,96.27096754102968,227722187864,7.527253009184049,968538,7.3893585205078125,0.13789448867623655,1,6.103515625e-05,16384
43001,96.48885729117319,228230235862,7.527445272705148,969623,7.397636413574219,0.12980885913092965,1,6.103515625e-05,16384
43101,96.70906937518157,228732383546,7.532224446548843,970803,7.406639099121094,0.12558534742774885,1,6.103515625e-05,16384
43201,96.92687612515874,229237113147,7.53204660550302,969467,7.396446228027344,0.13560037747567666,1,6.103515625e-05,16384
43301,97.14491366618313,229740504805,7.531845363231138,969816,7.39910888671875,0.13273647651238818,1,6.103515625e-05,16384
43401,97.36324304109439,230246234953,7.531499602501064,969949,7.400123596191406,0.13137600630965807,1,6.103515625e-05,16384
43501,97.5805252501741,230749264256,7.537109934631252,971038,7.4084320068359375,0.12867792779531406,1,6.103515625e-05,16384
43601,97.7916200410109,231252367114,7.537827212181494,970471,7.404106140136719,0.133721072044775,2,0.0001220703125,16383
43701,98.00961016607471,231755897977,7.537725251590623,969960,7.40020751953125,0.137517732059373,1,6.103515625e-05,16384
43801,98.23040045821108,232266796518,7.534748589793047,969567,7.397209167480469,0.1375394223125781,1,6.103515625e-05,16384
43901,98.4489708750043,232780136998,7.53320939137341,969431,7.396171569824219,0.13703782154919164,1,6.103515625e-05,16384
44001,98.66414483310655,233291451820,7.535106065648856,968998,7.3928680419921875,0.1422380236566685,1,6.103515625e-05,16384
44101,98.87319758301601,233806290337,7.537708069023099,969335,7.395439147949219,0.1422689210738799,1,6.103515625e-05,16384
44201,99.09380762511864,234324651749,7.539327685614504,970492,7.404266357421875,0.13506132819262895,1,6.103515625e-05,16384
44301,99.31562466616742,234842330303,7.537467376449345,969967,7.400260925292969,0.1372064511563762,1,6.103515625e-05,16384
44401,99.53543775016442,235360101768,7.5393445090356135,970261,7.402503967285156,0.13684054175045723,1,6.103515625e-05,16384
44501,99.74921454116702,235876464144,7.546009922543952,970372,7.403350830078125,0.1426590924658271,1,6.103515625e-05,16384
44601,99.96006591618061,236384568318,7.539732282030096,970829,7.406837463378906,0.1328948186511898,2,0.0001220703125,16382
44701,100.18054475006647,236893618225,7.538595134540924,971253,7.410072326660156,0.12852280788076786,1,6.103515625e-05,16384
44801,100.3998225000687,237405490032,7.535503353979782,971787,7.414146423339844,0.12135693063993802,1,6.103515625e-05,16384
44901,100.62191491620615,237918012808,7.539850443915514,971476,7.411773681640625,0.12807676227488862,1,6.103515625e-05,16384
45001,100.84132441598922,238422041272,7.5378949853295705,971199,7.409660339355469,0.12823464597410172,1,6.103515625e-05,16384
45101,101.05559316603467,238923424572,7.537293484916544,971434,7.4114532470703125,0.12584023784623177,1,6.103515625e-05,16384
45201,101.27010008320212,239427568344,7.538087187585185,972102,7.4165496826171875,0.1215375049679972,1,6.103515625e-05,16384
45301,101.48268200014718,239932236318,7.534511199607728,972771,7.421653747558594,0.11285745204913411,1,6.103515625e-05,16384
45401,101.69545600004494,240438002661,7.538634235965478,971468,7.411712646484375,0.12692158948110333,1,6.103515625e-05,16384
45501,101.90738145820796,240947924376,7.540462677299887,971914,7.4151153564453125,0.12534732085457456,1,6.103515625e-05,16384
45601,102.12355575012043,241464151052,7.550553328619569,972695,7.421073913574219,0.12947941504535,1,6.103515625e-05,16384
45701,102.34168300009333,241989426707,7.554492304379846,972417,7.418952941894531,0.13553936248531517,2,0.0001220703125,16383
45801,102.55321070807986,242518321569,7.554715656726922,971385,7.411079406738281,0.14363624998864033,1,6.103515625e-05,16384
45901,102.76972366613336,243045976655,7.552315959611017,971823,7.414421081542969,0.13789487806804868,2,0.0001220703125,16383
46001,102.98538787500001,243575736157,7.553527245775429,972539,7.419883728027344,0.13364351774808547,1,6.103515625e-05,16384
46101,103.20280225016177,244110235528,7.548493601091816,970802,7.4066314697265625,0.1418621313652535,1,6.103515625e-05,16384
46201,103.42232995806262,244650116782,7.5417091550186,970699,7.405845642089844,0.13586351292875598,1,6.103515625e-05,16384
46301,103.6423263750039,245187005962,7.541628510776864,969859,7.399436950683594,0.14219156009326994,1,6.103515625e-05,16384
46401,103.86264762515202,245723319801,7.535671261289748,970582,7.4049530029296875,0.13071825836006035,1,6.103515625e-05,16384
46501,104.08052870817482,246259192585,7.532433179788746,970076,7.401092529296875,0.13134065049187083,1,6.103515625e-05,16384
46601,104.3013757080771,246793001153,7.526063053671297,967638,7.3824920654296875,0.14357098824160985,1,6.103515625e-05,16384
46701,104.51786258304492,247328035287,7.523233540903303,967290,7.3798370361328125,0.14339650477049037,1,6.103515625e-05,16384
46801,104.73427329119295,247859896132,7.526557881793373,967781,7.383583068847656,0.14297481294571668,1,6.103515625e-05,16384
46901,104.95406629098579,248393831442,7.524299552640328,968174,7.3865814208984375,0.13771813174189074,1,6.103515625e-05,16384
47001,105.17593775014393,248921829893,7.523227414178097,969620,7.397613525390625,0.1256138887874716,1,6.103515625e-05,16384
47101,105.39621129119769,249451231685,7.523332377688368,970147,7.401634216308594,0.12169816137977385,1,6.103515625e-05,16384
47201,105.61343858321197,249974033536,7.518197406164054,968814,7.3914642333984375,0.1267331727656167,1,6.103515625e-05,16384
47301,105.83163541601971,250496165110,7.516408424368109,970007,7.400566101074219,0.1158423232938901,1,6.103515625e-05,16384
47401,106.04697095812298,251017003366,7.518029303393725,970788,7.406524658203125,0.11150464519059966,1,6.103515625e-05,16384
47501,106.25877666613087,251531871082,7.518619745210572,971638,7.4130096435546875,0.10561010165588414,1,6.103515625e-05,16384
47601,106.47242425009608,252045796989,7.523927987548259,971751,7.413871765136719,0.11005622241154,1,6.103515625e-05,16384
47701,106.69012612500228,252550062535,7.526419268505227,972267,7.417808532714844,0.10861073579038294,1,6.103515625e-05,16384
47801,106.91145095811225,253052297302,7.528620517494459,974068,7.431549072265625,0.09707144522883393,1,6.103515625e-05,16384
47901,107.12487262510695,253552914988,7.525578308665096,973023,7.423576354980469,0.10200195368462683,1,6.103515625e-05,16384
48001,107.34360512509011,254055606862,7.521762768944415,973815,7.429618835449219,0.0921439334951959,1,6.103515625e-05,16384
48101,107.56343733309768,254559213618,7.524136715569666,974639,7.435905456542969,0.08823125902669737,1,6.103515625e-05,16384
48201,107.77756254118867,255066789569,7.522602763323486,974991,7.438591003417969,0.08401175990551746,1,6.103515625e-05,16384
48301,107.99956745817326,255571661844,7.520458509960057,974456,7.43450927734375,0.08594923261630694,1,6.103515625e-05,16384
48401,108.21415570820682,256079916344,7.524333161042217,973492,7.427154541015625,0.09717862002659228,1,6.103515625e-05,16384
48501,108.42701887502335,256595490101,7.521048667841296,972769,7.421638488769531,0.09941017907176519,1,6.103515625e-05,16384
48601,108.64124666620046,257108219524,7.521540502911942,972433,7.419075012207031,0.10246549070491096,1,6.103515625e-05,16384
48701,108.86176070803776,257617481871,7.519890660924981,971028,7.408355712890625,0.11153494803435571,1,6.103515625e-05,16384
48801,109.07693454110995,258125747351,7.523555393213389,971593,7.412666320800781,0.1108890724126077,1,6.103515625e-05,16384
48901,109.2904177911114,258636105788,7.522794389815255,971456,7.41162109375,0.11117329606525495,1,6.103515625e-05,16384
49001,109.5034429160878,259144674308,7.5198052920091785,969936,7.4000244140625,0.11978087794667847,1,6.103515625e-05,16384
49101,109.71442641620524,259638593193,7.520031911470161,970075,7.401084899902344,0.11894701156781728,1,6.103515625e-05,16384
49201,109.9217454160098,260124631187,7.523943240775874,970956,7.407806396484375,0.11613684429149895,1,6.103515625e-05,16384
49301,110.13821466616355,260609137223,7.521765647971774,969812,7.399078369140625,0.12268727883114927,1,6.103515625e-05,16384
49401,110.35068704118021,261097943039,7.519358659225996,969923,7.399925231933594,0.11943342729240225,1,6.103515625e-05,16384
49501,110.56688595819287,261583528664,7.518021359461308,968427,7.388511657714844,0.12950970174646415,2,0.0001220703125,16383
49601,110.77675520814955,262063801323,7.518966453201797,968503,7.389091491699219,0.12987496150257805,1,6.103515625e-05,16384
49701,110.98339300020598,262542670460,7.520093559178536,969665,7.397956848144531,0.12213671103400436,1,6.103515625e-05,16384
49801,111.19551816605963,263027635869,7.523243866371683,971841,7.414558410644531,0.10868545572715149,1,6.103515625e-05,16384
49901,111.40360525017604,263517361432,7.517983381199986,970589,7.405006408691406,0.11297697250858008,2,0.0001220703125,16383
50000,111.60873375018127,264000020900,7.518289200590592,970704,7.4058837890625,0.11240541152809236,1,6.103515625e-05,16384
